-- Categories
INSERT INTO "Category" (id, name) VALUES ('dff914d0-cba8-4214-a8aa-d862641b4022', 'Accessories') ON CONFLICT DO NOTHING;
INSERT INTO "Category" (id, name) VALUES ('37476f1c-0e69-4fed-8bc5-7001387fef69', 'Audio Equipment') ON CONFLICT DO NOTHING;
INSERT INTO "Category" (id, name) VALUES ('5da97132-9a08-4157-8855-36ebce504ac5', 'Baby Seats') ON CONFLICT DO NOTHING;
INSERT INTO "Category" (id, name) VALUES ('43faee9b-8f03-4a16-b275-586e83430223', 'Baby Strollers') ON CONFLICT DO NOTHING;
INSERT INTO "Category" (id, name) VALUES ('cd79cb59-cd71-432d-999b-877a79ed5081', 'Bicycles') ON CONFLICT DO NOTHING;
INSERT INTO "Category" (id, name) VALUES ('e61b5eb1-03fb-41d1-938f-1fa7206572e9', 'Cameras') ON CONFLICT DO NOTHING;
INSERT INTO "Category" (id, name) VALUES ('434fe0bd-a0ff-41b3-93b1-fd705d106903', 'Camping Gear') ON CONFLICT DO NOTHING;
INSERT INTO "Category" (id, name) VALUES ('c3e76c20-9a6b-4cfd-9443-85e87d5209c9', 'Cars') ON CONFLICT DO NOTHING;
INSERT INTO "Category" (id, name) VALUES ('7e259acc-31f8-4525-9d53-4cec8a7f9945', 'Cleaning Equipment') ON CONFLICT DO NOTHING;
INSERT INTO "Category" (id, name) VALUES ('0e5218eb-e875-43b3-ac19-6d899d363746', 'Clothes') ON CONFLICT DO NOTHING;
INSERT INTO "Category" (id, name) VALUES ('91c5411e-b18e-4d26-966b-14ced60c39eb', 'Construction tools') ON CONFLICT DO NOTHING;
INSERT INTO "Category" (id, name) VALUES ('61f7b8f3-697e-4250-b840-dbe501548d54', 'Costumes') ON CONFLICT DO NOTHING;
INSERT INTO "Category" (id, name) VALUES ('8c3a3851-1f17-464a-9c33-d75db9a55999', 'Drones') ON CONFLICT DO NOTHING;
INSERT INTO "Category" (id, name) VALUES ('89770ff7-c1b0-4fd2-a35b-2bd0d9a998cf', 'Fishing Equipment') ON CONFLICT DO NOTHING;
INSERT INTO "Category" (id, name) VALUES ('ef2cb317-772f-40cb-ab28-b27ec1794b55', 'Furniture') ON CONFLICT DO NOTHING;
INSERT INTO "Category" (id, name) VALUES ('3c561335-2779-4ef4-ab89-da8f45e07486', 'Gaming Consoles') ON CONFLICT DO NOTHING;
INSERT INTO "Category" (id, name) VALUES ('cb3bc98b-ee7d-4bb6-8809-cd70dd20c82b', 'Garden Tools') ON CONFLICT DO NOTHING;
INSERT INTO "Category" (id, name) VALUES ('ef3d7440-36f9-4bda-8739-049ce2da8bfa', 'Home Appliances') ON CONFLICT DO NOTHING;
INSERT INTO "Category" (id, name) VALUES ('c8056a6f-1d19-4395-8579-c88562fab220', 'Laptops') ON CONFLICT DO NOTHING;
INSERT INTO "Category" (id, name) VALUES ('dc8c36d6-6a28-4daa-a52b-a5415598c02e', 'Lightning Equipment') ON CONFLICT DO NOTHING;
INSERT INTO "Category" (id, name) VALUES ('7772f7b8-39c2-4779-ab3c-3e4b75c44e45', 'Motorcycles') ON CONFLICT DO NOTHING;
INSERT INTO "Category" (id, name) VALUES ('12821ac7-2346-4410-bccf-29c317eda635', 'Other') ON CONFLICT DO NOTHING;
INSERT INTO "Category" (id, name) VALUES ('bc9698f6-d3f7-46f3-8fe8-8908a331ea32', 'Party Supplies') ON CONFLICT DO NOTHING;
INSERT INTO "Category" (id, name) VALUES ('fe557d84-aa22-4fa8-9beb-9b92a7488f5c', 'Power Tools') ON CONFLICT DO NOTHING;
INSERT INTO "Category" (id, name) VALUES ('a4048f28-0ba6-4050-b561-4f91d21df5ba', 'Projectors') ON CONFLICT DO NOTHING;
INSERT INTO "Category" (id, name) VALUES ('0eb1677f-523a-48c3-ac9b-53b2e56ea02f', 'Scooters') ON CONFLICT DO NOTHING;
INSERT INTO "Category" (id, name) VALUES ('0bf0072c-9c94-4510-a822-c866ee22b222', 'Ski & Snowboards') ON CONFLICT DO NOTHING;
INSERT INTO "Category" (id, name) VALUES ('427965d7-d3db-4aa4-a211-0f02542e5526', 'Sports Equipment') ON CONFLICT DO NOTHING;
INSERT INTO "Category" (id, name) VALUES ('8eb1060a-709b-46f0-a0f7-e466e098d2f6', 'Toys') ON CONFLICT DO NOTHING;
INSERT INTO "Category" (id, name) VALUES ('dbb291f1-c077-4373-997c-f9d98b81851e', 'Water Sports') ON CONFLICT DO NOTHING;
INSERT INTO "Category" (id, name) VALUES ('88e2620b-e8a4-4cb4-a302-0e589162ebb6', 'Wedding Dresses') ON CONFLICT DO NOTHING;
INSERT INTO "User" (id, email, name, password_hash, role, rating_avg, reviews_count, balance, deposit_balance, avatar_url, created_at) VALUES ('ce776bd1-93e4-43c5-a1ca-b76070d1820d', 'kuat@test.com', 'Куат', '$2b$10$FenfBvNUjDw6IBm1vpNXoeJl31vBJjcSgKt6T/E1iLwGgXOE2ihLG', 'USER'::"Role", NULL, 0, 0.00, 0.00, '', '2026-03-21 18:06:26.553') ON CONFLICT DO NOTHING;
INSERT INTO "User" (id, email, name, password_hash, role, rating_avg, reviews_count, balance, deposit_balance, avatar_url, created_at) VALUES ('b89e1043-6c26-43e2-baf4-6563834789b5', 'sultan@test.com', 'sultan', '$2b$10$TfxgAMXFu8aW504VGAjlkuHgzv19wILw/d707cAj6dTl1uiudMOUW', 'USER'::"Role", 5.00, 1, 272722.00, 0.00, '', '2026-03-19 19:24:28.595') ON CONFLICT DO NOTHING;
INSERT INTO "User" (id, email, name, password_hash, role, rating_avg, reviews_count, balance, deposit_balance, avatar_url, created_at) VALUES ('35348af8-af3c-48c0-9a34-1ca13a0a004c', 'azat@test.com', 'Azat', '$2b$10$b83bVc.IguEeKqw7e48Cl.QnmfWN9Z1YM3nPbmvVhRLymeg9pQbey', 'ADMIN'::"Role", 5.00, 1, 800900.00, 0.00, 'https://rental.bolatbekov.com/storage/rentals/1cea5366-e652-4357-a228-a440330c9216.JPG', '2026-03-16 14:52:59.353') ON CONFLICT DO NOTHING;
INSERT INTO "User" (id, email, name, password_hash, role, rating_avg, reviews_count, balance, deposit_balance, avatar_url, created_at) VALUES ('883dd4c6-f90e-47c3-87da-680c82bc65de', 'asdf@test.com', 'asdf', '$2b$10$asyssZWvSZ7pxxJ3iSiKCebnv5OCVyRlUEmKZfsL4V/2.OXXjoUIu', 'USER'::"Role", NULL, 0, 5500.00, 0.00, '', '2026-05-11 11:37:56.596') ON CONFLICT DO NOTHING;
INSERT INTO "User" (id, email, name, password_hash, role, rating_avg, reviews_count, balance, deposit_balance, avatar_url, created_at) VALUES ('216c084e-fed1-425d-9daa-fc2ba4916eb0', 'user@test.com', 'user', '$2b$10$40VVsp.laWdxeKm4N3C5jOD3VWVdPjvlJWrxMUoq8Lc.Ay0YquWJC', 'USER'::"Role", NULL, 0, 20000.00, 0.00, '', '2026-05-16 05:06:46.014') ON CONFLICT DO NOTHING;
INSERT INTO "User" (id, email, name, password_hash, role, rating_avg, reviews_count, balance, deposit_balance, avatar_url, created_at) VALUES ('8ae63ac5-a1c1-45fb-a2c3-7ca8d0806e77', 'biba@test.com', 'Biba', '$2b$10$ZA51KRHnE.PEJ9b/sPex4elphQu.1U8jrLgxT1MGGprKx1M4S6G4C', 'USER'::"Role", 3.00, 1, 7100.00, 1000.00, '', '2026-03-17 15:00:04.477') ON CONFLICT DO NOTHING;
INSERT INTO "User" (id, email, name, password_hash, role, rating_avg, reviews_count, balance, deposit_balance, avatar_url, created_at) VALUES ('96e70dd5-5c0b-4037-ae01-72442825467e', 'newuser@test.com', 'newuser', '$2b$10$3AN.7cYgLEuSj6/sJkM.1.zoo7Op9PFJ7rU8mnEJzxREPtibv4EUq', 'USER'::"Role", NULL, 0, 20000.00, 0.00, '', '2026-05-27 15:30:51.737') ON CONFLICT DO NOTHING;
INSERT INTO "Listing" (id, title, description, deposit, city, owner_id, category_id, created_at, updated_at, price, views_count, rating_avg, reviews_count) VALUES ('1ea71ab1-014b-4702-a1ea-a01eb134e9f3', 'Колонка Marshall Emberton II', 'Компактная портативная колонка Marshall с насыщенным стереозвуком.', 5000.00, 'Астана', '96e70dd5-5c0b-4037-ae01-72442825467e', '37476f1c-0e69-4fed-8bc5-7001387fef69', '2026-05-27 22:56:37.337', '2026-05-27 22:56:37.337', 2500.00, 0, NULL, 0) ON CONFLICT DO NOTHING;
INSERT INTO "Listing" (id, title, description, deposit, city, owner_id, category_id, created_at, updated_at, price, views_count, rating_avg, reviews_count) VALUES ('7d16b5b0-6252-417c-a7fa-45f85698d6ed', 'Тактический рюкзак', 'Прочный чёрный тактический рюкзак с множеством карманов и MOLLE-системой.', 3000.00, 'Астана', '8ae63ac5-a1c1-45fb-a2c3-7ca8d0806e77', 'dff914d0-cba8-4214-a8aa-d862641b4022', '2026-05-27 22:56:37.337', '2026-05-27 22:56:37.337', 1500.00, 0, NULL, 0) ON CONFLICT DO NOTHING;
INSERT INTO "Listing" (id, title, description, deposit, city, owner_id, category_id, created_at, updated_at, price, views_count, rating_avg, reviews_count) VALUES ('a7e1a5d4-d6c9-4f0a-90c0-82da8eb53d0d', 'Туристический рюкзак 60 л', 'Вместительный туристический рюкзак для походов. Эргономичная спинка.', 4000.00, 'Шымкент', 'ce776bd1-93e4-43c5-a1ca-b76070d1820d', 'dff914d0-cba8-4214-a8aa-d862641b4022', '2026-05-27 22:56:37.337', '2026-05-27 22:56:37.337', 2000.00, 0, NULL, 0) ON CONFLICT DO NOTHING;
INSERT INTO "Listing" (id, title, description, deposit, city, owner_id, category_id, created_at, updated_at, price, views_count, rating_avg, reviews_count) VALUES ('c727c595-b704-4fd8-852b-62ae90853401', 'Портфель для ноутбука', 'Деловой портфель для ноутбука до 15.6 дюймов с кожаной фактурой.', 2000.00, 'Алматы', '883dd4c6-f90e-47c3-87da-680c82bc65de', 'dff914d0-cba8-4214-a8aa-d862641b4022', '2026-05-27 22:56:37.337', '2026-05-27 22:56:37.337', 1000.00, 0, NULL, 0) ON CONFLICT DO NOTHING;
INSERT INTO "Listing" (id, title, description, deposit, city, owner_id, category_id, created_at, updated_at, price, views_count, rating_avg, reviews_count) VALUES ('31d6d069-3d95-48c2-872f-a24e1c517763', 'Горный велосипед', 'Горный велосипед с дисковыми тормозами. Идеален для бездорожья.', 6000.00, 'Алматы', '216c084e-fed1-425d-9daa-fc2ba4916eb0', 'cd79cb59-cd71-432d-999b-877a79ed5081', '2026-05-27 22:56:37.337', '2026-05-27 22:56:37.337', 3000.00, 0, NULL, 0) ON CONFLICT DO NOTHING;
INSERT INTO "Listing" (id, title, description, deposit, city, owner_id, category_id, created_at, updated_at, price, views_count, rating_avg, reviews_count) VALUES ('8e77f0b8-628a-4a30-b60c-28c9cb32c14d', 'Надувная резиновая лодка', 'Надувная лодка ПВХ для рыбалки и отдыха на воде. Вёсла и насос в комплекте.', 10000.00, 'Алматы', '96e70dd5-5c0b-4037-ae01-72442825467e', 'dbb291f1-c077-4373-997c-f9d98b81851e', '2026-05-27 22:56:37.337', '2026-05-27 22:56:37.337', 5000.00, 0, NULL, 0) ON CONFLICT DO NOTHING;
INSERT INTO "Listing" (id, title, description, deposit, city, owner_id, category_id, created_at, updated_at, price, views_count, rating_avg, reviews_count) VALUES ('c003b5bf-7c2f-4c87-85e1-6dba9cd2b6e3', 'Моторная лодка', 'Небольшая моторная лодка для рыбалки. Вместимость до 3 человек.', 16000.00, 'Астана', '8ae63ac5-a1c1-45fb-a2c3-7ca8d0806e77', 'dbb291f1-c077-4373-997c-f9d98b81851e', '2026-05-27 22:56:37.337', '2026-05-27 22:56:37.337', 8000.00, 0, NULL, 0) ON CONFLICT DO NOTHING;
INSERT INTO "Listing" (id, title, description, deposit, city, owner_id, category_id, created_at, updated_at, price, views_count, rating_avg, reviews_count) VALUES ('40c8ed70-fc4c-4837-87ce-48b374144ee2', 'Надувной каяк двухместный', 'Двухместный надувной каяк, устойчивый и лёгкий. В комплекте вёсла.', 8000.00, 'Шымкент', 'ce776bd1-93e4-43c5-a1ca-b76070d1820d', 'dbb291f1-c077-4373-997c-f9d98b81851e', '2026-05-27 22:56:37.337', '2026-05-27 22:56:37.337', 4000.00, 0, NULL, 0) ON CONFLICT DO NOTHING;
INSERT INTO "Listing" (id, title, description, deposit, city, owner_id, category_id, created_at, updated_at, price, views_count, rating_avg, reviews_count) VALUES ('d8a54259-a17d-4425-bd27-b34db5b090d4', 'Женские кожаные ботинки', 'Стильные женские ботинки из натуральной кожи коричневого цвета.', 1600.00, 'Алматы', '883dd4c6-f90e-47c3-87da-680c82bc65de', '0e5218eb-e875-43b3-ac19-6d899d363746', '2026-05-27 22:56:37.337', '2026-05-27 22:56:37.337', 800.00, 0, NULL, 0) ON CONFLICT DO NOTHING;
INSERT INTO "Listing" (id, title, description, deposit, city, owner_id, category_id, created_at, updated_at, price, views_count, rating_avg, reviews_count) VALUES ('e12ec161-06a4-42ce-a491-af74f30441ac', 'Мужские ботинки Chelsea', 'Классические мужские ботинки Chelsea из чёрной кожи.', 1600.00, 'Астана', '216c084e-fed1-425d-9daa-fc2ba4916eb0', '0e5218eb-e875-43b3-ac19-6d899d363746', '2026-05-27 22:56:37.337', '2026-05-27 22:56:37.337', 800.00, 0, NULL, 0) ON CONFLICT DO NOTHING;
INSERT INTO "Listing" (id, title, description, deposit, city, owner_id, category_id, created_at, updated_at, price, views_count, rating_avg, reviews_count) VALUES ('be61e420-a540-4f89-b96c-56088e4c6f0f', 'Треккинговые ботинки', 'Водонепроницаемые треккинговые ботинки для горных походов.', 3000.00, 'Шымкент', '96e70dd5-5c0b-4037-ae01-72442825467e', '0e5218eb-e875-43b3-ac19-6d899d363746', '2026-05-27 22:56:37.337', '2026-05-27 22:56:37.337', 1500.00, 0, NULL, 0) ON CONFLICT DO NOTHING;
INSERT INTO "Listing" (id, title, description, deposit, city, owner_id, category_id, created_at, updated_at, price, views_count, rating_avg, reviews_count) VALUES ('9d06daab-41db-4cca-956a-21b7fcda4679', 'Зеркальный фотоаппарат Canon EOS', 'Профессиональный Canon EOS с объективом 18-55 мм.', 10000.00, 'Алматы', '8ae63ac5-a1c1-45fb-a2c3-7ca8d0806e77', 'e61b5eb1-03fb-41d1-938f-1fa7206572e9', '2026-05-27 22:56:37.337', '2026-05-27 22:56:37.337', 5000.00, 0, NULL, 0) ON CONFLICT DO NOTHING;
INSERT INTO "Listing" (id, title, description, deposit, city, owner_id, category_id, created_at, updated_at, price, views_count, rating_avg, reviews_count) VALUES ('d8881abf-4d81-4325-a869-0258efcbebed', 'Беззеркальная камера Sony Alpha', 'Беззеркальная камера Sony Alpha для профессиональной съёмки.', 12000.00, 'Астана', 'ce776bd1-93e4-43c5-a1ca-b76070d1820d', 'e61b5eb1-03fb-41d1-938f-1fa7206572e9', '2026-05-27 22:56:37.337', '2026-05-27 22:56:37.337', 6000.00, 0, NULL, 0) ON CONFLICT DO NOTHING;
INSERT INTO "Listing" (id, title, description, deposit, city, owner_id, category_id, created_at, updated_at, price, views_count, rating_avg, reviews_count) VALUES ('63b4db10-f8fe-4dcf-b6e2-75e7c09b58dd', 'Ретро камера Fujifilm X-Series', 'Стильная камера Fujifilm X-Series в ретро-дизайне.', 8000.00, 'Шымкент', '883dd4c6-f90e-47c3-87da-680c82bc65de', 'e61b5eb1-03fb-41d1-938f-1fa7206572e9', '2026-05-27 22:56:37.337', '2026-05-27 22:56:37.337', 4000.00, 0, NULL, 0) ON CONFLICT DO NOTHING;
INSERT INTO "Listing" (id, title, description, deposit, city, owner_id, category_id, created_at, updated_at, price, views_count, rating_avg, reviews_count) VALUES ('209de1fb-17da-4c0e-a6ad-4204f97520e5', 'Toyota Camry 2022', 'Комфортный седан Toyota Camry 2022, белый. АКПП, кондиционер.', 30000.00, 'Алматы', '216c084e-fed1-425d-9daa-fc2ba4916eb0', 'c3e76c20-9a6b-4cfd-9443-85e87d5209c9', '2026-05-27 22:56:37.337', '2026-05-27 22:56:37.337', 15000.00, 0, NULL, 0) ON CONFLICT DO NOTHING;
INSERT INTO "Listing" (id, title, description, deposit, city, owner_id, category_id, created_at, updated_at, price, views_count, rating_avg, reviews_count) VALUES ('3520df78-4d30-4930-96a7-91721673e4b2', 'Серый декоративный кот', 'Ласковый ручной серый кот. Идеален для фотосессий.', 1600.00, 'Алматы', '96e70dd5-5c0b-4037-ae01-72442825467e', '12821ac7-2346-4410-bccf-29c317eda635', '2026-05-27 22:56:37.337', '2026-05-27 22:56:37.337', 800.00, 0, NULL, 0) ON CONFLICT DO NOTHING;
INSERT INTO "Listing" (id, title, description, deposit, city, owner_id, category_id, created_at, updated_at, price, views_count, rating_avg, reviews_count) VALUES ('e690cd4e-6634-4efe-a6d2-76ee20e36f97', 'Деревянный обеденный стул', 'Стильный обеденный стул из светлого дерева с мягким сиденьем.', 600.00, 'Алматы', '8ae63ac5-a1c1-45fb-a2c3-7ca8d0806e77', 'ef2cb317-772f-40cb-ab28-b27ec1794b55', '2026-05-27 22:56:37.337', '2026-05-27 22:56:37.337', 300.00, 0, NULL, 0) ON CONFLICT DO NOTHING;
INSERT INTO "Listing" (id, title, description, deposit, city, owner_id, category_id, created_at, updated_at, price, views_count, rating_avg, reviews_count) VALUES ('6e709aea-6d17-4f7d-8923-1020726c1398', 'Офисное кресло чёрное', 'Эргономичное офисное кресло с регулируемой высотой и поясничной поддержкой.', 1600.00, 'Астана', 'ce776bd1-93e4-43c5-a1ca-b76070d1820d', 'ef2cb317-772f-40cb-ab28-b27ec1794b55', '2026-05-27 22:56:37.337', '2026-05-27 22:56:37.337', 800.00, 0, NULL, 0) ON CONFLICT DO NOTHING;
INSERT INTO "Listing" (id, title, description, deposit, city, owner_id, category_id, created_at, updated_at, price, views_count, rating_avg, reviews_count) VALUES ('7750c8d1-f39c-429c-b04a-e8d3d7d96685', 'Рожковый ключ', 'Рожковый ключ для слесарных работ. Прочная сталь, удобная рукоятка.', 1000.00, 'Алматы', '8ae63ac5-a1c1-45fb-a2c3-7ca8d0806e77', '91c5411e-b18e-4d26-966b-14ced60c39eb', '2026-05-27 22:56:37.337', '2026-05-29 05:18:42.992', 500.00, 9, NULL, 0) ON CONFLICT DO NOTHING;
INSERT INTO "Listing" (id, title, description, deposit, city, owner_id, category_id, created_at, updated_at, price, views_count, rating_avg, reviews_count) VALUES ('99e43d52-5115-4671-b47e-e8a54eaf6f52', 'Мяч для американского футбола', 'Профессиональный мяч для американского футбола, отличное сцепление.', 1600.00, 'Алматы', '883dd4c6-f90e-47c3-87da-680c82bc65de', '427965d7-d3db-4aa4-a211-0f02542e5526', '2026-05-27 22:56:37.337', '2026-05-29 04:38:01.027', 800.00, 2, NULL, 0) ON CONFLICT DO NOTHING;
INSERT INTO "Listing" (id, title, description, deposit, city, owner_id, category_id, created_at, updated_at, price, views_count, rating_avg, reviews_count) VALUES ('8a35c338-789a-4d0b-84fd-27ac500b4076', 'Портативная колонка JBL', 'Мощная Bluetooth-колонка JBL с водозащитой IPX7. До 20 часов работы.', 4000.00, 'Алматы', '216c084e-fed1-425d-9daa-fc2ba4916eb0', '37476f1c-0e69-4fed-8bc5-7001387fef69', '2026-05-27 22:56:37.337', '2026-05-29 04:45:47.366', 2000.00, 2, NULL, 0) ON CONFLICT DO NOTHING;
INSERT INTO "Listing" (id, title, description, deposit, city, owner_id, category_id, created_at, updated_at, price, views_count, rating_avg, reviews_count) VALUES ('8534011b-09bd-4e39-a254-62d069cf0a52', 'Наушники Sony WH-1000XM5', 'Беспроводные наушники с активным шумоподавлением Sony WH-1000XM5.', 6000.00, 'Шымкент', '8ae63ac5-a1c1-45fb-a2c3-7ca8d0806e77', '37476f1c-0e69-4fed-8bc5-7001387fef69', '2026-05-27 22:56:37.337', '2026-05-29 04:50:51.073', 3000.00, 1, NULL, 0) ON CONFLICT DO NOTHING;
INSERT INTO "Listing" (id, title, description, deposit, city, owner_id, category_id, created_at, updated_at, price, views_count, rating_avg, reviews_count) VALUES ('4d9e8d38-04db-4a4e-9604-6dec0468991f', 'Детское автокресло', 'Качественное автокресло для малышей, соответствует стандартам безопасности.', 2400.00, 'Шымкент', '216c084e-fed1-425d-9daa-fc2ba4916eb0', '5da97132-9a08-4157-8855-36ebce504ac5', '2026-05-27 22:56:37.337', '2026-05-29 05:02:54.459', 1200.00, 1, NULL, 0) ON CONFLICT DO NOTHING;
INSERT INTO "Listing" (id, title, description, deposit, city, owner_id, category_id, created_at, updated_at, price, views_count, rating_avg, reviews_count) VALUES ('182bc841-42a0-4c9f-b4ea-ba4e4f49964e', 'Детское автокресло тёмно-синее', 'Автокресло для детей с надёжной боковой защитой и мягкой обивкой.', 3000.00, 'Астана', '883dd4c6-f90e-47c3-87da-680c82bc65de', '5da97132-9a08-4157-8855-36ebce504ac5', '2026-05-27 22:56:37.337', '2026-05-29 04:58:36.023', 1500.00, 1, NULL, 0) ON CONFLICT DO NOTHING;
INSERT INTO "Listing" (id, title, description, deposit, city, owner_id, category_id, created_at, updated_at, price, views_count, rating_avg, reviews_count) VALUES ('1a74bccf-bf34-434a-9cf5-b5f0e6c61af3', 'Детское автокресло серое', 'Детское автокресло группы 0+/1 для детей от 0 до 4 лет.', 3000.00, 'Алматы', 'ce776bd1-93e4-43c5-a1ca-b76070d1820d', '5da97132-9a08-4157-8855-36ebce504ac5', '2026-05-27 22:56:37.337', '2026-05-29 04:59:36.006', 1500.00, 2, NULL, 0) ON CONFLICT DO NOTHING;
INSERT INTO "Listing" (id, title, description, deposit, city, owner_id, category_id, created_at, updated_at, price, views_count, rating_avg, reviews_count) VALUES ('bdff46f7-1c26-4f92-bcb5-9ad329a02693', 'Кожаная сумка-мессенджер', 'Стильная кожаная сумка коричневого цвета. Вместительная, с несколькими отделениями.', 2000.00, 'Алматы', '96e70dd5-5c0b-4037-ae01-72442825467e', 'dff914d0-cba8-4214-a8aa-d862641b4022', '2026-05-27 22:56:37.337', '2026-05-29 05:10:05.572', 1000.00, 2, NULL, 0) ON CONFLICT DO NOTHING;
INSERT INTO "Listing" (id, title, description, deposit, city, owner_id, category_id, created_at, updated_at, price, views_count, rating_avg, reviews_count) VALUES ('f9ae74d3-fe01-46d1-910d-d0f1990424b3', 'Автовышка / Подъёмник', 'Жёлтая автовышка для высотных работ. Максимальная высота 12 метров.', 30000.00, 'Алматы', '883dd4c6-f90e-47c3-87da-680c82bc65de', '91c5411e-b18e-4d26-966b-14ced60c39eb', '2026-05-27 22:56:37.337', '2026-05-27 22:56:37.337', 15000.00, 0, NULL, 0) ON CONFLICT DO NOTHING;
INSERT INTO "Listing" (id, title, description, deposit, city, owner_id, category_id, created_at, updated_at, price, views_count, rating_avg, reviews_count) VALUES ('72e3f9f2-dfbd-4c41-8f3a-4eecee5a5e1a', 'Профессиональный пылесос', 'Промышленный пылесос для уборки офисов и больших помещений.', 6000.00, 'Алматы', '216c084e-fed1-425d-9daa-fc2ba4916eb0', '7e259acc-31f8-4525-9d53-4cec8a7f9945', '2026-05-27 22:56:37.337', '2026-05-27 22:56:37.337', 3000.00, 0, NULL, 0) ON CONFLICT DO NOTHING;
INSERT INTO "Listing" (id, title, description, deposit, city, owner_id, category_id, created_at, updated_at, price, views_count, rating_avg, reviews_count) VALUES ('8541b7e0-7905-4e67-92bb-5b9aa73cefb2', 'Поломоечная машина', 'Напольная поломоечная машина для быстрой уборки больших площадей.', 10000.00, 'Астана', '96e70dd5-5c0b-4037-ae01-72442825467e', '7e259acc-31f8-4525-9d53-4cec8a7f9945', '2026-05-27 22:56:37.337', '2026-05-27 22:56:37.337', 5000.00, 0, NULL, 0) ON CONFLICT DO NOTHING;
INSERT INTO "Listing" (id, title, description, deposit, city, owner_id, category_id, created_at, updated_at, price, views_count, rating_avg, reviews_count) VALUES ('04d1d93c-18a1-4346-b5c6-edb403c3872d', 'Паровая швабра', 'Паровая швабра для дезинфекции и глубокой очистки полов.', 3000.00, 'Шымкент', '8ae63ac5-a1c1-45fb-a2c3-7ca8d0806e77', '7e259acc-31f8-4525-9d53-4cec8a7f9945', '2026-05-27 22:56:37.337', '2026-05-27 22:56:37.337', 1500.00, 0, NULL, 0) ON CONFLICT DO NOTHING;
INSERT INTO "Listing" (id, title, description, deposit, city, owner_id, category_id, created_at, updated_at, price, views_count, rating_avg, reviews_count) VALUES ('9fb4de87-791a-40fc-98c9-0271f63df546', 'Летнее платье в цветочек', 'Лёгкое женское платье с цветочным принтом, размер 42-46.', 2000.00, 'Алматы', 'ce776bd1-93e4-43c5-a1ca-b76070d1820d', '0e5218eb-e875-43b3-ac19-6d899d363746', '2026-05-27 22:56:37.337', '2026-05-27 22:56:37.337', 1000.00, 0, NULL, 0) ON CONFLICT DO NOTHING;
INSERT INTO "Listing" (id, title, description, deposit, city, owner_id, category_id, created_at, updated_at, price, views_count, rating_avg, reviews_count) VALUES ('bd15c94e-5823-4d18-87c8-f1d714502c36', 'Настольный компьютер', 'Настольный компьютер готовый к работе. Подходит для офиса и дома.', 4000.00, 'Астана', '883dd4c6-f90e-47c3-87da-680c82bc65de', 'c8056a6f-1d19-4395-8579-c88562fab220', '2026-05-27 22:56:37.337', '2026-05-27 22:56:37.337', 2000.00, 0, NULL, 0) ON CONFLICT DO NOTHING;
INSERT INTO "Listing" (id, title, description, deposit, city, owner_id, category_id, created_at, updated_at, price, views_count, rating_avg, reviews_count) VALUES ('5d20191d-6309-483c-9b71-5ede23a23e53', 'Защитный чехол-покрывало', 'Универсальное защитное покрывало для техники или мебели.', 600.00, 'Алматы', '216c084e-fed1-425d-9daa-fc2ba4916eb0', '12821ac7-2346-4410-bccf-29c317eda635', '2026-05-27 22:56:37.337', '2026-05-27 22:56:37.337', 300.00, 0, NULL, 0) ON CONFLICT DO NOTHING;
INSERT INTO "Listing" (id, title, description, deposit, city, owner_id, category_id, created_at, updated_at, price, views_count, rating_avg, reviews_count) VALUES ('e2fddb2f-ab50-4091-9023-853a2913e812', 'Женское синее платье миди', 'Элегантное женское платье миди синего цвета, размер S-M.', 3000.00, 'Астана', '96e70dd5-5c0b-4037-ae01-72442825467e', '0e5218eb-e875-43b3-ac19-6d899d363746', '2026-05-27 22:56:37.337', '2026-05-27 22:56:37.337', 1500.00, 0, NULL, 0) ON CONFLICT DO NOTHING;
INSERT INTO "Listing" (id, title, description, deposit, city, owner_id, category_id, created_at, updated_at, price, views_count, rating_avg, reviews_count) VALUES ('f12648fb-57b8-4803-9a58-f40259a86bb0', 'Красное женское платье', 'Яркое красное платье для торжественных мероприятий, размер 44.', 3000.00, 'Шымкент', '8ae63ac5-a1c1-45fb-a2c3-7ca8d0806e77', '0e5218eb-e875-43b3-ac19-6d899d363746', '2026-05-27 22:56:37.337', '2026-05-27 22:56:37.337', 1500.00, 0, NULL, 0) ON CONFLICT DO NOTHING;
INSERT INTO "Listing" (id, title, description, deposit, city, owner_id, category_id, created_at, updated_at, price, views_count, rating_avg, reviews_count) VALUES ('611ab5ab-d3ea-4533-a81f-6a2fb39f9a54', 'Белая женская блузка-топ', 'Нежная белая блузка-топ изысканного кроя. Размер S-M.', 1600.00, 'Алматы', 'ce776bd1-93e4-43c5-a1ca-b76070d1820d', '0e5218eb-e875-43b3-ac19-6d899d363746', '2026-05-27 22:56:37.337', '2026-05-27 22:56:37.337', 800.00, 0, NULL, 0) ON CONFLICT DO NOTHING;
INSERT INTO "Listing" (id, title, description, deposit, city, owner_id, category_id, created_at, updated_at, price, views_count, rating_avg, reviews_count) VALUES ('cd3b25a1-820c-40aa-b0b3-5985a17f843a', 'Беспроводная дрель-шуруповёрт', 'Профессиональная беспроводная дрель с набором насадок и 2 аккумуляторами 18В.', 4000.00, 'Алматы', '883dd4c6-f90e-47c3-87da-680c82bc65de', 'fe557d84-aa22-4fa8-9beb-9b92a7488f5c', '2026-05-27 22:56:37.337', '2026-05-27 22:56:37.337', 2000.00, 0, NULL, 0) ON CONFLICT DO NOTHING;
INSERT INTO "Listing" (id, title, description, deposit, city, owner_id, category_id, created_at, updated_at, price, views_count, rating_avg, reviews_count) VALUES ('13b2202b-ded7-46da-ba87-bc9924c0730a', 'Перфоратор электрический', 'Мощный перфоратор для бетонных работ. Режим удара SDS+.', 6000.00, 'Астана', '216c084e-fed1-425d-9daa-fc2ba4916eb0', 'fe557d84-aa22-4fa8-9beb-9b92a7488f5c', '2026-05-27 22:56:37.337', '2026-05-27 22:56:37.337', 3000.00, 0, NULL, 0) ON CONFLICT DO NOTHING;
INSERT INTO "Listing" (id, title, description, deposit, city, owner_id, category_id, created_at, updated_at, price, views_count, rating_avg, reviews_count) VALUES ('3e4ebbdb-3ea6-4aaf-b51f-8ec7dae46925', 'Аккумуляторная дрель', 'Компактная аккумуляторная дрель для домашнего использования.', 3000.00, 'Шымкент', '96e70dd5-5c0b-4037-ae01-72442825467e', 'fe557d84-aa22-4fa8-9beb-9b92a7488f5c', '2026-05-27 22:56:37.337', '2026-05-27 22:56:37.337', 1500.00, 0, NULL, 0) ON CONFLICT DO NOTHING;
INSERT INTO "Listing" (id, title, description, deposit, city, owner_id, category_id, created_at, updated_at, price, views_count, rating_avg, reviews_count) VALUES ('304a4004-952e-47ee-9ccd-337474c6b21e', 'Квадрокоптер DJI', 'Квадрокоптер DJI с камерой 4K. Стабилизатор изображения, 30 мин полёта.', 10000.00, 'Алматы', '8ae63ac5-a1c1-45fb-a2c3-7ca8d0806e77', '8c3a3851-1f17-464a-9c33-d75db9a55999', '2026-05-27 22:56:37.337', '2026-05-27 22:56:37.337', 5000.00, 0, NULL, 0) ON CONFLICT DO NOTHING;
INSERT INTO "Listing" (id, title, description, deposit, city, owner_id, category_id, created_at, updated_at, price, views_count, rating_avg, reviews_count) VALUES ('63b5e87b-5416-4d92-8b19-df4b91b148c0', 'Дрон FPV для гонок', 'FPV-дрон для гонок и съёмки от первого лица. Высокая скорость.', 8000.00, 'Астана', 'ce776bd1-93e4-43c5-a1ca-b76070d1820d', '8c3a3851-1f17-464a-9c33-d75db9a55999', '2026-05-27 22:56:37.337', '2026-05-27 22:56:37.337', 4000.00, 0, NULL, 0) ON CONFLICT DO NOTHING;
INSERT INTO "Listing" (id, title, description, deposit, city, owner_id, category_id, created_at, updated_at, price, views_count, rating_avg, reviews_count) VALUES ('79b8a335-453c-40e6-8e0d-73e22304c131', 'Квадрокоптер складной', 'Компактный складной квадрокоптер с камерой HD. Удобен в дороге.', 6000.00, 'Шымкент', '883dd4c6-f90e-47c3-87da-680c82bc65de', '8c3a3851-1f17-464a-9c33-d75db9a55999', '2026-05-27 22:56:37.337', '2026-05-27 22:56:37.337', 3000.00, 0, NULL, 0) ON CONFLICT DO NOTHING;
INSERT INTO "Listing" (id, title, description, deposit, city, owner_id, category_id, created_at, updated_at, price, views_count, rating_avg, reviews_count) VALUES ('1555329c-ccea-4a28-b476-d14cc303354a', 'Футбольный мяч чёрно-белый', 'Классический футбольный мяч, размер 5. Для игры и тренировок.', 1000.00, 'Алматы', '216c084e-fed1-425d-9daa-fc2ba4916eb0', '427965d7-d3db-4aa4-a211-0f02542e5526', '2026-05-27 22:56:37.337', '2026-05-27 22:56:37.337', 500.00, 0, NULL, 0) ON CONFLICT DO NOTHING;
INSERT INTO "Listing" (id, title, description, deposit, city, owner_id, category_id, created_at, updated_at, price, views_count, rating_avg, reviews_count) VALUES ('fcb7b04d-7f63-413f-aab5-0984240def28', 'Футбольный мяч оранжевый', 'Яркий оранжевый футбольный мяч для тренировок.', 1000.00, 'Астана', '96e70dd5-5c0b-4037-ae01-72442825467e', '427965d7-d3db-4aa4-a211-0f02542e5526', '2026-05-27 22:56:37.337', '2026-05-27 22:56:37.337', 500.00, 0, NULL, 0) ON CONFLICT DO NOTHING;
INSERT INTO "Listing" (id, title, description, deposit, city, owner_id, category_id, created_at, updated_at, price, views_count, rating_avg, reviews_count) VALUES ('4b5e289e-aa73-4641-89dc-8995a7789a49', 'Футбольный мяч синий', 'Синий футбольный мяч для уличной игры. Прочный.', 1000.00, 'Шымкент', '8ae63ac5-a1c1-45fb-a2c3-7ca8d0806e77', '427965d7-d3db-4aa4-a211-0f02542e5526', '2026-05-27 22:56:37.337', '2026-05-27 22:56:37.337', 500.00, 0, NULL, 0) ON CONFLICT DO NOTHING;
INSERT INTO "Listing" (id, title, description, deposit, city, owner_id, category_id, created_at, updated_at, price, views_count, rating_avg, reviews_count) VALUES ('01c8a477-79e4-4d14-89d9-2e5c34cc3f47', 'Морозильная камера вертикальная', 'Вертикальная морозильная камера 200 л для хранения продуктов.', 6000.00, 'Алматы', 'ce776bd1-93e4-43c5-a1ca-b76070d1820d', 'ef3d7440-36f9-4bda-8739-049ce2da8bfa', '2026-05-27 22:56:37.337', '2026-05-27 22:56:37.337', 3000.00, 0, NULL, 0) ON CONFLICT DO NOTHING;
INSERT INTO "Listing" (id, title, description, deposit, city, owner_id, category_id, created_at, updated_at, price, views_count, rating_avg, reviews_count) VALUES ('403af195-62a0-433d-a8d2-5ed90a426f5e', 'Морозильный ларь горизонтальный', 'Горизонтальный морозильный ларь 250 л, класс А+.', 7000.00, 'Астана', '883dd4c6-f90e-47c3-87da-680c82bc65de', 'ef3d7440-36f9-4bda-8739-049ce2da8bfa', '2026-05-27 22:56:37.337', '2026-05-27 22:56:37.337', 3500.00, 0, NULL, 0) ON CONFLICT DO NOTHING;
INSERT INTO "Listing" (id, title, description, deposit, city, owner_id, category_id, created_at, updated_at, price, views_count, rating_avg, reviews_count) VALUES ('34701120-0e1f-486d-803d-0188d51f1794', 'Холодильник двухкамерный', 'Двухкамерный холодильник 300 л в отличном состоянии.', 8000.00, 'Шымкент', '216c084e-fed1-425d-9daa-fc2ba4916eb0', 'ef3d7440-36f9-4bda-8739-049ce2da8bfa', '2026-05-27 22:56:37.337', '2026-05-27 22:56:37.337', 4000.00, 0, NULL, 0) ON CONFLICT DO NOTHING;
INSERT INTO "Listing" (id, title, description, deposit, city, owner_id, category_id, created_at, updated_at, price, views_count, rating_avg, reviews_count) VALUES ('946d1e0b-bcfc-481b-8e15-835fafc5d7cf', 'Мини-холодильник 87 л', 'Компактный холодильник 87 л для квартиры или офиса.', 4000.00, 'Алматы', '96e70dd5-5c0b-4037-ae01-72442825467e', 'ef3d7440-36f9-4bda-8739-049ce2da8bfa', '2026-05-27 22:56:37.337', '2026-05-27 22:56:37.337', 2000.00, 0, NULL, 0) ON CONFLICT DO NOTHING;
INSERT INTO "Listing" (id, title, description, deposit, city, owner_id, category_id, created_at, updated_at, price, views_count, rating_avg, reviews_count) VALUES ('6b8a6115-3743-4352-833d-3f4f35f58984', 'Молоток слесарный', 'Классический слесарный молоток с фибергласовой рукояткой.', 600.00, 'Алматы', '8ae63ac5-a1c1-45fb-a2c3-7ca8d0806e77', '91c5411e-b18e-4d26-966b-14ced60c39eb', '2026-05-27 22:56:37.337', '2026-05-27 22:56:37.337', 300.00, 0, NULL, 0) ON CONFLICT DO NOTHING;
INSERT INTO "Listing" (id, title, description, deposit, city, owner_id, category_id, created_at, updated_at, price, views_count, rating_avg, reviews_count) VALUES ('d8020780-9ecb-4372-b9ab-ba4a2711aacd', 'Молоток-гвоздодёр', 'Молоток с гвоздодёром, деревянная рукоятка.', 600.00, 'Астана', 'ce776bd1-93e4-43c5-a1ca-b76070d1820d', '91c5411e-b18e-4d26-966b-14ced60c39eb', '2026-05-27 22:56:37.337', '2026-05-27 22:56:37.337', 300.00, 0, NULL, 0) ON CONFLICT DO NOTHING;
INSERT INTO "Listing" (id, title, description, deposit, city, owner_id, category_id, created_at, updated_at, price, views_count, rating_avg, reviews_count) VALUES ('3d0e885c-731c-454b-bf62-4fe195d8cfd0', 'Резиновая киянка', 'Резиновая киянка для плиточных и отделочных работ.', 400.00, 'Шымкент', '883dd4c6-f90e-47c3-87da-680c82bc65de', '91c5411e-b18e-4d26-966b-14ced60c39eb', '2026-05-27 22:56:37.337', '2026-05-27 22:56:37.337', 200.00, 0, NULL, 0) ON CONFLICT DO NOTHING;
INSERT INTO "Listing" (id, title, description, deposit, city, owner_id, category_id, created_at, updated_at, price, views_count, rating_avg, reviews_count) VALUES ('8aff4ccd-72ff-4024-bcf6-e90a9e17d579', 'Молоток кровельный', 'Молоток для кровельных работ с магнитным держателем гвоздей.', 800.00, 'Алматы', '216c084e-fed1-425d-9daa-fc2ba4916eb0', '91c5411e-b18e-4d26-966b-14ced60c39eb', '2026-05-27 22:56:37.337', '2026-05-27 22:56:37.337', 400.00, 0, NULL, 0) ON CONFLICT DO NOTHING;
INSERT INTO "Listing" (id, title, description, deposit, city, owner_id, category_id, created_at, updated_at, price, views_count, rating_avg, reviews_count) VALUES ('27226dc3-395e-401f-ac7b-e903bd60c273', 'Строительный молоток', 'Надёжный молоток для строительных и ремонтных работ.', 600.00, 'Астана', '96e70dd5-5c0b-4037-ae01-72442825467e', '91c5411e-b18e-4d26-966b-14ced60c39eb', '2026-05-27 22:56:37.337', '2026-05-27 22:56:37.337', 300.00, 0, NULL, 0) ON CONFLICT DO NOTHING;
INSERT INTO "Listing" (id, title, description, deposit, city, owner_id, category_id, created_at, updated_at, price, views_count, rating_avg, reviews_count) VALUES ('38ebe8af-d3cb-40ad-b34c-9504eeb51f03', 'Защитная каска белая', 'Строительная каска белого цвета, ГОСТ и стандарты ЕС.', 1000.00, 'Алматы', '8ae63ac5-a1c1-45fb-a2c3-7ca8d0806e77', '91c5411e-b18e-4d26-966b-14ced60c39eb', '2026-05-27 22:56:37.337', '2026-05-27 22:56:37.337', 500.00, 0, NULL, 0) ON CONFLICT DO NOTHING;
INSERT INTO "Listing" (id, title, description, deposit, city, owner_id, category_id, created_at, updated_at, price, views_count, rating_avg, reviews_count) VALUES ('88312906-a95d-441d-85b4-51f3bcb0853a', 'Каска защитная жёлтая', 'Жёлтая строительная каска с вентиляцией и регулируемым ремнём.', 1000.00, 'Астана', 'ce776bd1-93e4-43c5-a1ca-b76070d1820d', '91c5411e-b18e-4d26-966b-14ced60c39eb', '2026-05-27 22:56:37.337', '2026-05-27 22:56:37.337', 500.00, 0, NULL, 0) ON CONFLICT DO NOTHING;
INSERT INTO "Listing" (id, title, description, deposit, city, owner_id, category_id, created_at, updated_at, price, views_count, rating_avg, reviews_count) VALUES ('47f1164a-1398-41ef-a8f9-f96461910f84', 'Каска строительная оранжевая', 'Оранжевая каска повышенной видимости. Лёгкая и прочная.', 1000.00, 'Шымкент', '883dd4c6-f90e-47c3-87da-680c82bc65de', '91c5411e-b18e-4d26-966b-14ced60c39eb', '2026-05-27 22:56:37.337', '2026-05-27 22:56:37.337', 500.00, 0, NULL, 0) ON CONFLICT DO NOTHING;
INSERT INTO "Listing" (id, title, description, deposit, city, owner_id, category_id, created_at, updated_at, price, views_count, rating_avg, reviews_count) VALUES ('4a31d6da-57a9-4958-9ed0-ba5c3f0e6446', 'Шляпа летняя', 'Стильная летняя шляпа от солнца. Лёгкая, дышащая.', 1000.00, 'Алматы', '216c084e-fed1-425d-9daa-fc2ba4916eb0', '0e5218eb-e875-43b3-ac19-6d899d363746', '2026-05-27 22:56:37.337', '2026-05-27 22:56:37.337', 500.00, 0, NULL, 0) ON CONFLICT DO NOTHING;
INSERT INTO "Listing" (id, title, description, deposit, city, owner_id, category_id, created_at, updated_at, price, views_count, rating_avg, reviews_count) VALUES ('ae3ffbe4-7b73-4c33-9804-3f719c1b4ff1', 'Шляпа-панама белая', 'Классическая белая панама, надёжная защита от солнца.', 1000.00, 'Астана', '96e70dd5-5c0b-4037-ae01-72442825467e', '0e5218eb-e875-43b3-ac19-6d899d363746', '2026-05-27 22:56:37.337', '2026-05-27 22:56:37.337', 500.00, 0, NULL, 0) ON CONFLICT DO NOTHING;
INSERT INTO "Listing" (id, title, description, deposit, city, owner_id, category_id, created_at, updated_at, price, views_count, rating_avg, reviews_count) VALUES ('6d759b28-4d2f-405a-97b5-5e378115146a', 'iPhone 13 Pro Max синий', 'Смартфон Apple iPhone 13 Pro Max в отличном состоянии, 256 ГБ.', 6000.00, 'Алматы', '8ae63ac5-a1c1-45fb-a2c3-7ca8d0806e77', '12821ac7-2346-4410-bccf-29c317eda635', '2026-05-27 22:56:37.337', '2026-05-27 22:56:37.337', 3000.00, 0, NULL, 0) ON CONFLICT DO NOTHING;
INSERT INTO "Listing" (id, title, description, deposit, city, owner_id, category_id, created_at, updated_at, price, views_count, rating_avg, reviews_count) VALUES ('20a5b606-cf34-4d93-901a-380ae79150a1', 'iPhone 17 Pro Max синий', 'Новейший Apple iPhone 17 Pro Max синего цвета. Полный комплект.', 10000.00, 'Астана', 'ce776bd1-93e4-43c5-a1ca-b76070d1820d', '12821ac7-2346-4410-bccf-29c317eda635', '2026-05-27 22:56:37.337', '2026-05-27 22:56:37.337', 5000.00, 0, NULL, 0) ON CONFLICT DO NOTHING;
INSERT INTO "Listing" (id, title, description, deposit, city, owner_id, category_id, created_at, updated_at, price, views_count, rating_avg, reviews_count) VALUES ('6b7ec02c-01e9-4c16-a806-398b1b87e2b9', 'Детская коляска 3-в-1', 'Универсальная коляска 3-в-1: люлька, прогулочная и автокресло.', 4000.00, 'Алматы', '883dd4c6-f90e-47c3-87da-680c82bc65de', '43faee9b-8f03-4a16-b275-586e83430223', '2026-05-27 22:56:37.337', '2026-05-27 22:56:37.337', 2000.00, 0, NULL, 0) ON CONFLICT DO NOTHING;
INSERT INTO "Listing" (id, title, description, deposit, city, owner_id, category_id, created_at, updated_at, price, views_count, rating_avg, reviews_count) VALUES ('2dcce770-d3f1-465e-97f6-8366405cdbb5', 'Прогулочная коляска', 'Лёгкая прогулочная коляска для детей от 6 месяцев. Складная.', 3000.00, 'Астана', '216c084e-fed1-425d-9daa-fc2ba4916eb0', '43faee9b-8f03-4a16-b275-586e83430223', '2026-05-27 22:56:37.337', '2026-05-27 22:56:37.337', 1500.00, 0, NULL, 0) ON CONFLICT DO NOTHING;
INSERT INTO "Listing" (id, title, description, deposit, city, owner_id, category_id, created_at, updated_at, price, views_count, rating_avg, reviews_count) VALUES ('48b3a0ef-1e3f-459a-858f-57ffe5a89a0c', 'Коляска для новорождённых', 'Коляска с люлькой для новорождённых. Плавный ход.', 5000.00, 'Шымкент', '96e70dd5-5c0b-4037-ae01-72442825467e', '43faee9b-8f03-4a16-b275-586e83430223', '2026-05-27 22:56:37.337', '2026-05-27 22:56:37.337', 2500.00, 0, NULL, 0) ON CONFLICT DO NOTHING;
INSERT INTO "Listing" (id, title, description, deposit, city, owner_id, category_id, created_at, updated_at, price, views_count, rating_avg, reviews_count) VALUES ('c32ea62e-e6c8-42a7-bf49-02a62272960a', 'Ноутбук для работы', 'Ноутбук в хорошем состоянии для работы и учёбы.', 5000.00, 'Алматы', '8ae63ac5-a1c1-45fb-a2c3-7ca8d0806e77', 'c8056a6f-1d19-4395-8579-c88562fab220', '2026-05-27 22:56:37.337', '2026-05-27 22:56:37.337', 2500.00, 0, NULL, 0) ON CONFLICT DO NOTHING;
INSERT INTO "Listing" (id, title, description, deposit, city, owner_id, category_id, created_at, updated_at, price, views_count, rating_avg, reviews_count) VALUES ('5e643a0a-153b-4b86-971d-0f186ee7ea61', 'Игровой ноутбук', 'Мощный игровой ноутбук с видеокартой и дисплеем 144 Гц.', 8000.00, 'Астана', 'ce776bd1-93e4-43c5-a1ca-b76070d1820d', 'c8056a6f-1d19-4395-8579-c88562fab220', '2026-05-27 22:56:37.337', '2026-05-27 22:56:37.337', 4000.00, 0, NULL, 0) ON CONFLICT DO NOTHING;
INSERT INTO "Listing" (id, title, description, deposit, city, owner_id, category_id, created_at, updated_at, price, views_count, rating_avg, reviews_count) VALUES ('dddeac8e-18a9-4e83-b8d4-fbba82241126', 'Мотоцикл спортивный', 'Спортивный мотоцикл в хорошем состоянии. Права категории А.', 16000.00, 'Алматы', '883dd4c6-f90e-47c3-87da-680c82bc65de', '7772f7b8-39c2-4779-ab3c-3e4b75c44e45', '2026-05-27 22:56:37.337', '2026-05-27 22:56:37.337', 8000.00, 0, NULL, 0) ON CONFLICT DO NOTHING;
INSERT INTO "Listing" (id, title, description, deposit, city, owner_id, category_id, created_at, updated_at, price, views_count, rating_avg, reviews_count) VALUES ('d55f771d-56c0-4144-9f5b-5f1a2c11c77f', 'Мотоцикл классический', 'Классический мотоцикл для городских поездок. Удобный.', 14000.00, 'Астана', '216c084e-fed1-425d-9daa-fc2ba4916eb0', '7772f7b8-39c2-4779-ab3c-3e4b75c44e45', '2026-05-27 22:56:37.337', '2026-05-27 22:56:37.337', 7000.00, 0, NULL, 0) ON CONFLICT DO NOTHING;
INSERT INTO "Listing" (id, title, description, deposit, city, owner_id, category_id, created_at, updated_at, price, views_count, rating_avg, reviews_count) VALUES ('c0dcc594-b04b-4b48-a791-344732b67a23', 'Мотоцикл', 'Надёжный мотоцикл в хорошем техническом состоянии.', 12000.00, 'Шымкент', '96e70dd5-5c0b-4037-ae01-72442825467e', '7772f7b8-39c2-4779-ab3c-3e4b75c44e45', '2026-05-27 22:56:37.337', '2026-05-27 22:56:37.337', 6000.00, 0, NULL, 0) ON CONFLICT DO NOTHING;
INSERT INTO "Listing" (id, title, description, deposit, city, owner_id, category_id, created_at, updated_at, price, views_count, rating_avg, reviews_count) VALUES ('7f86a514-0838-44f5-b831-ce672685e9ca', 'Мужские брюки чинос серые', 'Стильные мужские брюки-чинос серого цвета, размер 32/34.', 1600.00, 'Алматы', '8ae63ac5-a1c1-45fb-a2c3-7ca8d0806e77', '0e5218eb-e875-43b3-ac19-6d899d363746', '2026-05-27 22:56:37.337', '2026-05-27 22:56:37.337', 800.00, 0, NULL, 0) ON CONFLICT DO NOTHING;
INSERT INTO "Listing" (id, title, description, deposit, city, owner_id, category_id, created_at, updated_at, price, views_count, rating_avg, reviews_count) VALUES ('aa8b9e02-fe28-4d12-9090-35fa19796597', 'Мужские классические брюки', 'Классические мужские брюки прямого кроя. Подходят для офиса.', 1600.00, 'Астана', 'ce776bd1-93e4-43c5-a1ca-b76070d1820d', '0e5218eb-e875-43b3-ac19-6d899d363746', '2026-05-27 22:56:37.337', '2026-05-27 22:56:37.337', 800.00, 0, NULL, 0) ON CONFLICT DO NOTHING;
INSERT INTO "Listing" (id, title, description, deposit, city, owner_id, category_id, created_at, updated_at, price, views_count, rating_avg, reviews_count) VALUES ('e1d28286-58f9-4946-b563-2aefcfea3807', 'Джинсы мужские прямые', 'Удобные мужские джинсы прямого кроя. Повседневный вариант.', 1400.00, 'Шымкент', '883dd4c6-f90e-47c3-87da-680c82bc65de', '0e5218eb-e875-43b3-ac19-6d899d363746', '2026-05-27 22:56:37.337', '2026-05-27 22:56:37.337', 700.00, 0, NULL, 0) ON CONFLICT DO NOTHING;
INSERT INTO "Listing" (id, title, description, deposit, city, owner_id, category_id, created_at, updated_at, price, views_count, rating_avg, reviews_count) VALUES ('fdea0805-b673-4c46-8ac1-42fec7d714f2', 'Женские брюки элегантные', 'Элегантные женские брюки с стройнящим силуэтом, размер 42-44.', 1400.00, 'Алматы', '216c084e-fed1-425d-9daa-fc2ba4916eb0', '0e5218eb-e875-43b3-ac19-6d899d363746', '2026-05-27 22:56:37.337', '2026-05-27 22:56:37.337', 700.00, 0, NULL, 0) ON CONFLICT DO NOTHING;
INSERT INTO "Listing" (id, title, description, deposit, city, owner_id, category_id, created_at, updated_at, price, views_count, rating_avg, reviews_count) VALUES ('5597e0d0-9be5-465e-8594-5caa0b8fbfdb', 'Игровой ПК белый RGB', 'Игровой компьютер в белом корпусе Lian Li с RGB-подсветкой.', 8000.00, 'Алматы', '96e70dd5-5c0b-4037-ae01-72442825467e', 'c8056a6f-1d19-4395-8579-c88562fab220', '2026-05-27 22:56:37.337', '2026-05-27 22:56:37.337', 4000.00, 0, NULL, 0) ON CONFLICT DO NOTHING;
INSERT INTO "Listing" (id, title, description, deposit, city, owner_id, category_id, created_at, updated_at, price, views_count, rating_avg, reviews_count) VALUES ('7656c5b8-cfe7-4bc0-a7cd-45d70c1ff71f', 'Игровой ПК', 'Мощный игровой ПК. Топовая видеокарта, SSD NVMe, 32 ГБ ОЗУ.', 8000.00, 'Астана', '8ae63ac5-a1c1-45fb-a2c3-7ca8d0806e77', 'c8056a6f-1d19-4395-8579-c88562fab220', '2026-05-27 22:56:37.337', '2026-05-27 22:56:37.337', 4000.00, 0, NULL, 0) ON CONFLICT DO NOTHING;
INSERT INTO "Listing" (id, title, description, deposit, city, owner_id, category_id, created_at, updated_at, price, views_count, rating_avg, reviews_count) VALUES ('c487ba47-f4ac-48c4-9075-8af3a21d38d9', 'Игровой ПК Cube RGB', 'Компактный игровой ПК в cube-корпусе с голубой RGB-подсветкой.', 7000.00, 'Шымкент', 'ce776bd1-93e4-43c5-a1ca-b76070d1820d', 'c8056a6f-1d19-4395-8579-c88562fab220', '2026-05-27 22:56:37.337', '2026-05-27 22:56:37.337', 3500.00, 0, NULL, 0) ON CONFLICT DO NOTHING;
INSERT INTO "Listing" (id, title, description, deposit, city, owner_id, category_id, created_at, updated_at, price, views_count, rating_avg, reviews_count) VALUES ('8736ba2f-0d48-4d41-9f61-93ae878ede92', 'Офисный компьютер ICL', 'Надёжный офисный системный блок ICL. Тихий, энергоэффективный.', 3000.00, 'Алматы', '883dd4c6-f90e-47c3-87da-680c82bc65de', 'c8056a6f-1d19-4395-8579-c88562fab220', '2026-05-27 22:56:37.337', '2026-05-27 22:56:37.337', 1500.00, 0, NULL, 0) ON CONFLICT DO NOTHING;
INSERT INTO "Listing" (id, title, description, deposit, city, owner_id, category_id, created_at, updated_at, price, views_count, rating_avg, reviews_count) VALUES ('d49b5cc9-4c14-4bee-a12f-a898d37a6afe', 'Игровой ПК с GeForce RTX', 'Высокопроизводительный ПК с видеокартой Gigabyte GeForce RTX.', 10000.00, 'Астана', '216c084e-fed1-425d-9daa-fc2ba4916eb0', 'c8056a6f-1d19-4395-8579-c88562fab220', '2026-05-27 22:56:37.337', '2026-05-27 22:56:37.337', 5000.00, 0, NULL, 0) ON CONFLICT DO NOTHING;
INSERT INTO "Listing" (id, title, description, deposit, city, owner_id, category_id, created_at, updated_at, price, views_count, rating_avg, reviews_count) VALUES ('f147f7d7-5549-4234-b640-285422154e80', 'PlayStation 5', 'Sony PlayStation 5 белый. Два контроллера DualSense в комплекте.', 6000.00, 'Алматы', '96e70dd5-5c0b-4037-ae01-72442825467e', '3c561335-2779-4ef4-ab89-da8f45e07486', '2026-05-27 22:56:37.337', '2026-05-27 22:56:37.337', 3000.00, 0, NULL, 0) ON CONFLICT DO NOTHING;
INSERT INTO "Listing" (id, title, description, deposit, city, owner_id, category_id, created_at, updated_at, price, views_count, rating_avg, reviews_count) VALUES ('3ab41dbd-f1cc-418a-9557-ac45c1d36639', 'Длинногубцы Wilde', 'Профессиональные длинногубцы Wilde с красными рукоятками.', 1000.00, 'Алматы', '8ae63ac5-a1c1-45fb-a2c3-7ca8d0806e77', '91c5411e-b18e-4d26-966b-14ced60c39eb', '2026-05-27 22:56:37.337', '2026-05-27 22:56:37.337', 500.00, 0, NULL, 0) ON CONFLICT DO NOTHING;
INSERT INTO "Listing" (id, title, description, deposit, city, owner_id, category_id, created_at, updated_at, price, views_count, rating_avg, reviews_count) VALUES ('a1fd32d1-acaa-4723-958b-4b5947401dc3', 'Комбинированные плоскогубцы', 'Высокоуглеродистые комбинированные плоскогубцы.', 800.00, 'Астана', 'ce776bd1-93e4-43c5-a1ca-b76070d1820d', '91c5411e-b18e-4d26-966b-14ced60c39eb', '2026-05-27 22:56:37.337', '2026-05-27 22:56:37.337', 400.00, 0, NULL, 0) ON CONFLICT DO NOTHING;
INSERT INTO "Listing" (id, title, description, deposit, city, owner_id, category_id, created_at, updated_at, price, views_count, rating_avg, reviews_count) VALUES ('c976ca68-ac2a-4269-a3fd-b49861ea48a8', 'Плоскогубцы изолированные', 'Изолированные плоскогубцы до 1000В. Безопасны при электроработах.', 1200.00, 'Шымкент', '883dd4c6-f90e-47c3-87da-680c82bc65de', '91c5411e-b18e-4d26-966b-14ced60c39eb', '2026-05-27 22:56:37.337', '2026-05-27 22:56:37.337', 600.00, 0, NULL, 0) ON CONFLICT DO NOTHING;
INSERT INTO "Listing" (id, title, description, deposit, city, owner_id, category_id, created_at, updated_at, price, views_count, rating_avg, reviews_count) VALUES ('e25875b5-e2e9-461e-a670-7af944edeba7', 'Плоскогубцы Tronic', 'Комбинированные плоскогубцы Tronic. Удобный захват, прочная сталь.', 800.00, 'Алматы', '216c084e-fed1-425d-9daa-fc2ba4916eb0', '91c5411e-b18e-4d26-966b-14ced60c39eb', '2026-05-27 22:56:37.337', '2026-05-27 22:56:37.337', 400.00, 0, NULL, 0) ON CONFLICT DO NOTHING;
INSERT INTO "Listing" (id, title, description, deposit, city, owner_id, category_id, created_at, updated_at, price, views_count, rating_avg, reviews_count) VALUES ('c3a4e443-2ec2-452f-9973-c0390d29a9fa', 'Мини-проектор портативный', 'Компактный мини-проектор для домашнего кино или презентаций.', 6000.00, 'Алматы', '96e70dd5-5c0b-4037-ae01-72442825467e', 'a4048f28-0ba6-4050-b561-4f91d21df5ba', '2026-05-27 22:56:37.337', '2026-05-27 22:56:37.337', 3000.00, 0, NULL, 0) ON CONFLICT DO NOTHING;
INSERT INTO "Listing" (id, title, description, deposit, city, owner_id, category_id, created_at, updated_at, price, views_count, rating_avg, reviews_count) VALUES ('897df991-229b-45c6-ab92-7d428359cd7a', 'Проектор ViewSonic бизнес', 'Бизнес-проектор ViewSonic. Яркое изображение для конференций.', 10000.00, 'Астана', '8ae63ac5-a1c1-45fb-a2c3-7ca8d0806e77', 'a4048f28-0ba6-4050-b561-4f91d21df5ba', '2026-05-27 22:56:37.337', '2026-05-27 22:56:37.337', 5000.00, 0, NULL, 0) ON CONFLICT DO NOTHING;
INSERT INTO "Listing" (id, title, description, deposit, city, owner_id, category_id, created_at, updated_at, price, views_count, rating_avg, reviews_count) VALUES ('63cc6617-8728-47fb-9464-44b03957044b', 'Проектор Epson 4K домашний', 'Домашний кинотеатр Epson 4K UHD с 21x оптическим зумом.', 16000.00, 'Шымкент', 'ce776bd1-93e4-43c5-a1ca-b76070d1820d', 'a4048f28-0ba6-4050-b561-4f91d21df5ba', '2026-05-27 22:56:37.337', '2026-05-27 22:56:37.337', 8000.00, 0, NULL, 0) ON CONFLICT DO NOTHING;
INSERT INTO "Listing" (id, title, description, deposit, city, owner_id, category_id, created_at, updated_at, price, views_count, rating_avg, reviews_count) VALUES ('5c77d268-2bd6-4032-9f62-093947941a5a', 'Декоративный кролик белый', 'Ручной белый кролик с висячими ушами. Спокойный питомец.', 2000.00, 'Алматы', '883dd4c6-f90e-47c3-87da-680c82bc65de', '12821ac7-2346-4410-bccf-29c317eda635', '2026-05-27 22:56:37.337', '2026-05-27 22:56:37.337', 1000.00, 0, NULL, 0) ON CONFLICT DO NOTHING;
INSERT INTO "Listing" (id, title, description, deposit, city, owner_id, category_id, created_at, updated_at, price, views_count, rating_avg, reviews_count) VALUES ('e8b8a3c0-2ed7-43e3-8109-da02a60a5862', 'Нахлыстовый комплект', 'Комплект для нахлыстовой рыбалки: удилище + катушка.', 4000.00, 'Алматы', '216c084e-fed1-425d-9daa-fc2ba4916eb0', '89770ff7-c1b0-4fd2-a35b-2bd0d9a998cf', '2026-05-27 22:56:37.337', '2026-05-27 22:56:37.337', 2000.00, 0, NULL, 0) ON CONFLICT DO NOTHING;
INSERT INTO "Listing" (id, title, description, deposit, city, owner_id, category_id, created_at, updated_at, price, views_count, rating_avg, reviews_count) VALUES ('3bffae45-b5ab-4f9f-a5cc-acb84c4ba400', 'Спиннинговый комплект Penn', 'Спиннинг Penn Passion II. Комплект удилище + катушка.', 5000.00, 'Астана', '96e70dd5-5c0b-4037-ae01-72442825467e', '89770ff7-c1b0-4fd2-a35b-2bd0d9a998cf', '2026-05-27 22:56:37.337', '2026-05-27 22:56:37.337', 2500.00, 0, NULL, 0) ON CONFLICT DO NOTHING;
INSERT INTO "Listing" (id, title, description, deposit, city, owner_id, category_id, created_at, updated_at, price, views_count, rating_avg, reviews_count) VALUES ('9cfb1bf4-9af1-4abf-b98d-5c26d8138936', 'Телескопическое удилище', 'Белое телескопическое удилище с катушкой. Для начинающих.', 3000.00, 'Шымкент', '8ae63ac5-a1c1-45fb-a2c3-7ca8d0806e77', '89770ff7-c1b0-4fd2-a35b-2bd0d9a998cf', '2026-05-27 22:56:37.337', '2026-05-27 22:56:37.337', 1500.00, 0, NULL, 0) ON CONFLICT DO NOTHING;
INSERT INTO "Listing" (id, title, description, deposit, city, owner_id, category_id, created_at, updated_at, price, views_count, rating_avg, reviews_count) VALUES ('bb0d9a54-0dc5-4501-a81a-9c7f5e331588', 'Спиннинг синий', 'Синее спиннинговое удилище с катушкой. Для любительской рыбалки.', 3000.00, 'Алматы', 'ce776bd1-93e4-43c5-a1ca-b76070d1820d', '89770ff7-c1b0-4fd2-a35b-2bd0d9a998cf', '2026-05-27 22:56:37.337', '2026-05-27 22:56:37.337', 1500.00, 0, NULL, 0) ON CONFLICT DO NOTHING;
INSERT INTO "Listing" (id, title, description, deposit, city, owner_id, category_id, created_at, updated_at, price, views_count, rating_avg, reviews_count) VALUES ('e789c2f4-8a96-4abe-b63e-1eb92876fca4', 'Samsung Galaxy S25 синий', 'Смартфон Samsung Galaxy S25 синего цвета. Тройная камера.', 6000.00, 'Астана', '883dd4c6-f90e-47c3-87da-680c82bc65de', '12821ac7-2346-4410-bccf-29c317eda635', '2026-05-27 22:56:37.337', '2026-05-27 22:56:37.337', 3000.00, 0, NULL, 0) ON CONFLICT DO NOTHING;
INSERT INTO "Listing" (id, title, description, deposit, city, owner_id, category_id, created_at, updated_at, price, views_count, rating_avg, reviews_count) VALUES ('236d65af-987e-4536-a12e-efee4254a662', 'Samsung Galaxy S24 Ultra', 'Флагманский Samsung Galaxy S24 Ultra титан-серый. S Pen в комплекте.', 8000.00, 'Шымкент', '216c084e-fed1-425d-9daa-fc2ba4916eb0', '12821ac7-2346-4410-bccf-29c317eda635', '2026-05-27 22:56:37.337', '2026-05-27 22:56:37.337', 4000.00, 0, NULL, 0) ON CONFLICT DO NOTHING;
INSERT INTO "Listing" (id, title, description, deposit, city, owner_id, category_id, created_at, updated_at, price, views_count, rating_avg, reviews_count) VALUES ('ee206592-d72e-41f4-82ff-eb5bdbc5eff4', 'Ножовка Spear & Jackson', 'Ножовка по дереву Spear & Jackson Predator. Острые зубья.', 1000.00, 'Алматы', '96e70dd5-5c0b-4037-ae01-72442825467e', '91c5411e-b18e-4d26-966b-14ced60c39eb', '2026-05-27 22:56:37.337', '2026-05-27 22:56:37.337', 500.00, 0, NULL, 0) ON CONFLICT DO NOTHING;
INSERT INTO "Listing" (id, title, description, deposit, city, owner_id, category_id, created_at, updated_at, price, views_count, rating_avg, reviews_count) VALUES ('78a0b18c-8cb0-4c3c-9806-4e1166b009b0', 'Ножовка DaxJet', 'Ножовка DaxJet с чёрным полотном и оранжевой рукояткой.', 1000.00, 'Астана', '8ae63ac5-a1c1-45fb-a2c3-7ca8d0806e77', '91c5411e-b18e-4d26-966b-14ced60c39eb', '2026-05-27 22:56:37.337', '2026-05-27 22:56:37.337', 500.00, 0, NULL, 0) ON CONFLICT DO NOTHING;
INSERT INTO "Listing" (id, title, description, deposit, city, owner_id, category_id, created_at, updated_at, price, views_count, rating_avg, reviews_count) VALUES ('8d5a83c8-abb2-4055-a4ef-4932486c2fbd', 'Ножовка Walker 350 мм', 'Ножовка Walker Fast Cut 350 мм. Универсальная.', 1000.00, 'Шымкент', 'ce776bd1-93e4-43c5-a1ca-b76070d1820d', '91c5411e-b18e-4d26-966b-14ced60c39eb', '2026-05-27 22:56:37.337', '2026-05-27 22:56:37.337', 500.00, 0, NULL, 0) ON CONFLICT DO NOTHING;
INSERT INTO "Listing" (id, title, description, deposit, city, owner_id, category_id, created_at, updated_at, price, views_count, rating_avg, reviews_count) VALUES ('e08bb88f-c9d8-4c0f-b1bc-078bd6277973', 'Ножовка Stanley SharpTooth', 'Ножовка Stanley SharpTooth 381 мм с деревянной рукояткой.', 1200.00, 'Алматы', '883dd4c6-f90e-47c3-87da-680c82bc65de', '91c5411e-b18e-4d26-966b-14ced60c39eb', '2026-05-27 22:56:37.337', '2026-05-27 22:56:37.337', 600.00, 0, NULL, 0) ON CONFLICT DO NOTHING;
INSERT INTO "Listing" (id, title, description, deposit, city, owner_id, category_id, created_at, updated_at, price, views_count, rating_avg, reviews_count) VALUES ('e9a7e1c8-9c20-4ce0-9aba-87aadcf4e3d2', 'Трюковой самокат Globber', 'Синий трюковой самокат Globber для детей и подростков.', 2000.00, 'Алматы', '216c084e-fed1-425d-9daa-fc2ba4916eb0', '0eb1677f-523a-48c3-ac9b-53b2e56ea02f', '2026-05-27 22:56:37.337', '2026-05-27 22:56:37.337', 1000.00, 0, NULL, 0) ON CONFLICT DO NOTHING;
INSERT INTO "Listing" (id, title, description, deposit, city, owner_id, category_id, created_at, updated_at, price, views_count, rating_avg, reviews_count) VALUES ('f265acb5-dee3-4dc8-bbde-0806ad728ce1', 'Электросамокат складной', 'Чёрный складной электросамокат. Дальность 30 км, до 25 км/ч.', 6000.00, 'Астана', '96e70dd5-5c0b-4037-ae01-72442825467e', '0eb1677f-523a-48c3-ac9b-53b2e56ea02f', '2026-05-27 22:56:37.337', '2026-05-27 22:56:37.337', 3000.00, 0, NULL, 0) ON CONFLICT DO NOTHING;
INSERT INTO "Listing" (id, title, description, deposit, city, owner_id, category_id, created_at, updated_at, price, views_count, rating_avg, reviews_count) VALUES ('57fc1fe3-26c0-4f37-9262-69e38219cb80', 'Электросамокат Segway', 'Белый электросамокат Segway-style. Надёжный городской транспорт.', 8000.00, 'Шымкент', '8ae63ac5-a1c1-45fb-a2c3-7ca8d0806e77', '0eb1677f-523a-48c3-ac9b-53b2e56ea02f', '2026-05-27 22:56:37.337', '2026-05-27 22:56:37.337', 4000.00, 0, NULL, 0) ON CONFLICT DO NOTHING;
INSERT INTO "Listing" (id, title, description, deposit, city, owner_id, category_id, created_at, updated_at, price, views_count, rating_avg, reviews_count) VALUES ('ea3c889f-01b5-4e4b-b234-ce7150177568', 'Отвёртка Phillips No2', 'Синяя крестовая отвёртка Phillips No2x4 дюйма.', 400.00, 'Алматы', 'ce776bd1-93e4-43c5-a1ca-b76070d1820d', '91c5411e-b18e-4d26-966b-14ced60c39eb', '2026-05-27 22:56:37.337', '2026-05-27 22:56:37.337', 200.00, 0, NULL, 0) ON CONFLICT DO NOTHING;
INSERT INTO "Listing" (id, title, description, deposit, city, owner_id, category_id, created_at, updated_at, price, views_count, rating_avg, reviews_count) VALUES ('83a44509-7c96-4ceb-b05f-408ad34e5d72', 'Отвёртка шлицевая плоская', 'Красно-синяя плоская отвёртка. Хромванадиевая сталь.', 400.00, 'Астана', '883dd4c6-f90e-47c3-87da-680c82bc65de', '91c5411e-b18e-4d26-966b-14ced60c39eb', '2026-05-27 22:56:37.337', '2026-05-27 22:56:37.337', 200.00, 0, NULL, 0) ON CONFLICT DO NOTHING;
INSERT INTO "Listing" (id, title, description, deposit, city, owner_id, category_id, created_at, updated_at, price, views_count, rating_avg, reviews_count) VALUES ('0fd68950-447f-47ec-aded-16fba6562573', 'Отвёртка крестовая красная', 'Красно-чёрная отвёртка Phillips. Эргономичная рукоятка.', 400.00, 'Шымкент', '216c084e-fed1-425d-9daa-fc2ba4916eb0', '91c5411e-b18e-4d26-966b-14ced60c39eb', '2026-05-27 22:56:37.337', '2026-05-27 22:56:37.337', 200.00, 0, NULL, 0) ON CONFLICT DO NOTHING;
INSERT INTO "Listing" (id, title, description, deposit, city, owner_id, category_id, created_at, updated_at, price, views_count, rating_avg, reviews_count) VALUES ('39f50992-4a42-4cb4-b24b-c7ae1a97fe86', 'Длинная отвёртка Phillips', 'Длинная красно-чёрная отвёртка для труднодоступных мест.', 600.00, 'Алматы', '96e70dd5-5c0b-4037-ae01-72442825467e', '91c5411e-b18e-4d26-966b-14ced60c39eb', '2026-05-27 22:56:37.337', '2026-05-27 22:56:37.337', 300.00, 0, NULL, 0) ON CONFLICT DO NOTHING;
INSERT INTO "Listing" (id, title, description, deposit, city, owner_id, category_id, created_at, updated_at, price, views_count, rating_avg, reviews_count) VALUES ('b8f2bd01-741b-4431-9b20-eb22877302d3', 'Кроссовки белые OTLEY', 'Модные белые массивные кроссовки OTLEY. Размер 38-44.', 2000.00, 'Алматы', '8ae63ac5-a1c1-45fb-a2c3-7ca8d0806e77', '0e5218eb-e875-43b3-ac19-6d899d363746', '2026-05-27 22:56:37.337', '2026-05-27 22:56:37.337', 1000.00, 0, NULL, 0) ON CONFLICT DO NOTHING;
INSERT INTO "Listing" (id, title, description, deposit, city, owner_id, category_id, created_at, updated_at, price, views_count, rating_avg, reviews_count) VALUES ('9670a32f-21e9-4334-8077-f7690478560f', 'Угловой диван L-образный серый', 'Большой серый угловой диван с шезлонгом. Мягкий и вместительный.', 10000.00, 'Астана', 'ce776bd1-93e4-43c5-a1ca-b76070d1820d', 'ef2cb317-772f-40cb-ab28-b27ec1794b55', '2026-05-27 22:56:37.337', '2026-05-27 22:56:37.337', 5000.00, 0, NULL, 0) ON CONFLICT DO NOTHING;
INSERT INTO "Listing" (id, title, description, deposit, city, owner_id, category_id, created_at, updated_at, price, views_count, rating_avg, reviews_count) VALUES ('3e6194a7-1174-4c9d-90d9-e20bd20aa477', 'Hyundai Sonata 2024', 'Комфортный седан Hyundai Sonata 2024 тёмно-серый. АКПП.', 24000.00, 'Шымкент', '883dd4c6-f90e-47c3-87da-680c82bc65de', 'c3e76c20-9a6b-4cfd-9443-85e87d5209c9', '2026-05-27 22:56:37.337', '2026-05-27 22:56:37.337', 12000.00, 0, NULL, 0) ON CONFLICT DO NOTHING;
INSERT INTO "Listing" (id, title, description, deposit, city, owner_id, category_id, created_at, updated_at, price, views_count, rating_avg, reviews_count) VALUES ('7030f612-7a69-4aec-9fd1-fc25b8da6e73', 'Очки для плавания', 'Aqua Goggles чёрно-синие. Антифог-покрытие, силиконовый уплотнитель.', 1000.00, 'Алматы', '216c084e-fed1-425d-9daa-fc2ba4916eb0', 'dbb291f1-c077-4373-997c-f9d98b81851e', '2026-05-27 22:56:37.337', '2026-05-27 22:56:37.337', 500.00, 0, NULL, 0) ON CONFLICT DO NOTHING;
INSERT INTO "Listing" (id, title, description, deposit, city, owner_id, category_id, created_at, updated_at, price, views_count, rating_avg, reviews_count) VALUES ('6ed49efb-9b72-43fd-aac1-622787cef4a8', 'Маска для плавания широкого обзора', 'Синяя маска с панорамным обзором. Силиконовый уплотнитель.', 1400.00, 'Астана', '96e70dd5-5c0b-4037-ae01-72442825467e', 'dbb291f1-c077-4373-997c-f9d98b81851e', '2026-05-27 22:56:37.337', '2026-05-27 22:56:37.337', 700.00, 0, NULL, 0) ON CONFLICT DO NOTHING;
INSERT INTO "Listing" (id, title, description, deposit, city, owner_id, category_id, created_at, updated_at, price, views_count, rating_avg, reviews_count) VALUES ('205659af-47a8-4532-b7f8-692f303c0967', 'Зеркальные очки для плавания', 'Зеркальные очки для плавания, УФ-защита.', 1200.00, 'Шымкент', '8ae63ac5-a1c1-45fb-a2c3-7ca8d0806e77', 'dbb291f1-c077-4373-997c-f9d98b81851e', '2026-05-27 22:56:37.337', '2026-05-27 22:56:37.337', 600.00, 0, NULL, 0) ON CONFLICT DO NOTHING;
INSERT INTO "Listing" (id, title, description, deposit, city, owner_id, category_id, created_at, updated_at, price, views_count, rating_avg, reviews_count) VALUES ('50818087-d4d9-4cbb-b6d0-e461a4175134', 'Базовая белая футболка', 'Белая мужская футболка хлопок 100%. Размер M-XL.', 600.00, 'Алматы', 'ce776bd1-93e4-43c5-a1ca-b76070d1820d', '0e5218eb-e875-43b3-ac19-6d899d363746', '2026-05-27 22:56:37.337', '2026-05-27 22:56:37.337', 300.00, 0, NULL, 0) ON CONFLICT DO NOTHING;
INSERT INTO "Listing" (id, title, description, deposit, city, owner_id, category_id, created_at, updated_at, price, views_count, rating_avg, reviews_count) VALUES ('3de03dde-3193-437f-80e2-a28d29b110bb', 'Синяя мужская футболка', 'Мужская базовая футболка синего цвета с круглым вырезом.', 600.00, 'Астана', '883dd4c6-f90e-47c3-87da-680c82bc65de', '0e5218eb-e875-43b3-ac19-6d899d363746', '2026-05-27 22:56:37.337', '2026-05-27 22:56:37.337', 300.00, 0, NULL, 0) ON CONFLICT DO NOTHING;
INSERT INTO "Listing" (id, title, description, deposit, city, owner_id, category_id, created_at, updated_at, price, views_count, rating_avg, reviews_count) VALUES ('d876bc4c-d73d-43ed-b67d-928afedc6bf8', 'Мужская футболка', 'Качественная мужская футболка. Натуральный хлопок.', 600.00, 'Шымкент', '216c084e-fed1-425d-9daa-fc2ba4916eb0', '0e5218eb-e875-43b3-ac19-6d899d363746', '2026-05-27 22:56:37.337', '2026-05-27 22:56:37.337', 300.00, 0, NULL, 0) ON CONFLICT DO NOTHING;
INSERT INTO "Listing" (id, title, description, deposit, city, owner_id, category_id, created_at, updated_at, price, views_count, rating_avg, reviews_count) VALUES ('5065bffd-cafb-4c9c-9c76-c8b9fb40ca09', 'Футболка унисекс', 'Удобная футболка унисекс. Повседневный стиль.', 600.00, 'Алматы', '96e70dd5-5c0b-4037-ae01-72442825467e', '0e5218eb-e875-43b3-ac19-6d899d363746', '2026-05-27 22:56:37.337', '2026-05-27 22:56:37.337', 300.00, 0, NULL, 0) ON CONFLICT DO NOTHING;
INSERT INTO "Listing" (id, title, description, deposit, city, owner_id, category_id, created_at, updated_at, price, views_count, rating_avg, reviews_count) VALUES ('f42fbda2-ee26-41b3-96ec-2176a594aa3a', 'Письменный стол', 'Удобный письменный стол для работы или учёбы.', 3000.00, 'Шымкент', 'ce776bd1-93e4-43c5-a1ca-b76070d1820d', 'ef2cb317-772f-40cb-ab28-b27ec1794b55', '2026-05-27 22:56:37.337', '2026-05-27 22:56:37.337', 1500.00, 0, NULL, 0) ON CONFLICT DO NOTHING;
INSERT INTO "Listing" (id, title, description, deposit, city, owner_id, category_id, created_at, updated_at, price, views_count, rating_avg, reviews_count) VALUES ('bf12c5d9-f400-4e4d-ad4d-47d155849113', 'Телевизор Smart TV 55 дюймов', 'Smart TV 55 дюймов 4K UHD. HDR, Netflix, YouTube.', 6000.00, 'Алматы', '883dd4c6-f90e-47c3-87da-680c82bc65de', 'ef3d7440-36f9-4bda-8739-049ce2da8bfa', '2026-05-27 22:56:37.337', '2026-05-27 22:56:37.337', 3000.00, 0, NULL, 0) ON CONFLICT DO NOTHING;
INSERT INTO "Listing" (id, title, description, deposit, city, owner_id, category_id, created_at, updated_at, price, views_count, rating_avg, reviews_count) VALUES ('18911544-6d03-4b88-abd2-9a5f602d0f53', 'Телевизор Smart TV 50 дюймов', 'Smart TV 50 дюймов 4K. Стриминг, голосовое управление.', 5000.00, 'Астана', '216c084e-fed1-425d-9daa-fc2ba4916eb0', 'ef3d7440-36f9-4bda-8739-049ce2da8bfa', '2026-05-27 22:56:37.337', '2026-05-27 22:56:37.337', 2500.00, 0, NULL, 0) ON CONFLICT DO NOTHING;
INSERT INTO "Listing" (id, title, description, deposit, city, owner_id, category_id, created_at, updated_at, price, views_count, rating_avg, reviews_count) VALUES ('48b60a4d-fd36-4a05-8be4-67d9fcc754dd', 'ВАЗ-2115 белая', 'ВАЗ-2115 белого цвета в рабочем состоянии. Экономичный.', 10000.00, 'Шымкент', '96e70dd5-5c0b-4037-ae01-72442825467e', 'c3e76c20-9a6b-4cfd-9443-85e87d5209c9', '2026-05-27 22:56:37.337', '2026-05-27 22:56:37.337', 5000.00, 0, NULL, 0) ON CONFLICT DO NOTHING;
INSERT INTO "Listing" (id, title, description, deposit, city, owner_id, category_id, created_at, updated_at, price, views_count, rating_avg, reviews_count) VALUES ('c1b14fd3-8708-4bec-8caa-1843c67bfb25', 'Свадебное платье силуэт русалка', 'Элегантное свадебное платье с асимметричным кристальным декором.', 20000.00, 'Алматы', '8ae63ac5-a1c1-45fb-a2c3-7ca8d0806e77', '88e2620b-e8a4-4cb4-a302-0e589162ebb6', '2026-05-27 22:56:37.337', '2026-05-27 22:56:37.337', 10000.00, 0, NULL, 0) ON CONFLICT DO NOTHING;
INSERT INTO "Listing" (id, title, description, deposit, city, owner_id, category_id, created_at, updated_at, price, views_count, rating_avg, reviews_count) VALUES ('ee4540fc-c355-459b-a464-9270d4c9f1f9', 'Свадебное платье А-силуэт кружево', 'Пышное свадебное платье А-силуэт с кружевом и длинным шлейфом.', 24000.00, 'Астана', 'ce776bd1-93e4-43c5-a1ca-b76070d1820d', '88e2620b-e8a4-4cb4-a302-0e589162ebb6', '2026-05-27 22:56:37.337', '2026-05-27 22:56:37.337', 12000.00, 0, NULL, 0) ON CONFLICT DO NOTHING;
INSERT INTO "Listing" (id, title, description, deposit, city, owner_id, category_id, created_at, updated_at, price, views_count, rating_avg, reviews_count) VALUES ('48a2d0ae-4d20-4336-b92f-44f58ecd3e9c', 'Свадебное платье принцессы', 'Роскошное свадебное платье с открытыми плечами и кружевным низом.', 30000.00, 'Шымкент', '883dd4c6-f90e-47c3-87da-680c82bc65de', '88e2620b-e8a4-4cb4-a302-0e589162ebb6', '2026-05-27 22:56:37.337', '2026-05-27 22:56:37.337', 15000.00, 0, NULL, 0) ON CONFLICT DO NOTHING;
INSERT INTO "Listing" (id, title, description, deposit, city, owner_id, category_id, created_at, updated_at, price, views_count, rating_avg, reviews_count) VALUES ('9959bd82-3152-4a86-818e-1636684bc934', 'Набор рожковых ключей 6 шт.', 'Набор из 6 хромированных рожковых ключей разных размеров.', 2000.00, 'Астана', 'ce776bd1-93e4-43c5-a1ca-b76070d1820d', '91c5411e-b18e-4d26-966b-14ced60c39eb', '2026-05-27 22:56:37.337', '2026-05-29 04:37:54.9', 1000.00, 1, NULL, 0) ON CONFLICT DO NOTHING;
INSERT INTO "Listing" (id, title, description, deposit, city, owner_id, category_id, created_at, updated_at, price, views_count, rating_avg, reviews_count) VALUES ('58bbc156-f67d-41e5-b6d3-5f6bd416b9c3', 'Обеденный стол деревянный', 'Просторный обеденный стол на 6-8 человек. Деревянная поверхность.', 4000.00, 'Астана', '8ae63ac5-a1c1-45fb-a2c3-7ca8d0806e77', 'ef2cb317-772f-40cb-ab28-b27ec1794b55', '2026-05-27 22:56:37.337', '2026-05-29 04:56:04.644', 2000.00, 4, NULL, 0) ON CONFLICT DO NOTHING;
INSERT INTO "ListingImage" (id, listing_id, image_url, created_at) VALUES ('7da9d4cf-c906-4cb5-9056-4b9d7dde2763', 'e12ec161-06a4-42ce-a491-af74f30441ac', 'https://rental.bolatbekov.com/storage/rentals/boots2.jpg', '2026-05-27 22:56:37.342') ON CONFLICT DO NOTHING;
INSERT INTO "ListingImage" (id, listing_id, image_url, created_at) VALUES ('f2a4a013-2fcc-49a7-96b6-badc72cff508', 'be61e420-a540-4f89-b96c-56088e4c6f0f', 'https://rental.bolatbekov.com/storage/rentals/boots4.jpeg', '2026-05-27 22:56:37.342') ON CONFLICT DO NOTHING;
INSERT INTO "ListingImage" (id, listing_id, image_url, created_at) VALUES ('66f9953b-f535-4ae3-8d3b-9f994a3235bc', '9d06daab-41db-4cca-956a-21b7fcda4679', 'https://rental.bolatbekov.com/storage/rentals/camera.jpg', '2026-05-27 22:56:37.342') ON CONFLICT DO NOTHING;
INSERT INTO "ListingImage" (id, listing_id, image_url, created_at) VALUES ('ed512119-764e-445d-9c96-268276470198', 'd8881abf-4d81-4325-a869-0258efcbebed', 'https://rental.bolatbekov.com/storage/rentals/camera2.jpeg', '2026-05-27 22:56:37.342') ON CONFLICT DO NOTHING;
INSERT INTO "ListingImage" (id, listing_id, image_url, created_at) VALUES ('3106f864-2e45-4b69-a541-6e3f6416f416', '63b4db10-f8fe-4dcf-b6e2-75e7c09b58dd', 'https://rental.bolatbekov.com/storage/rentals/camera3.webp', '2026-05-27 22:56:37.342') ON CONFLICT DO NOTHING;
INSERT INTO "ListingImage" (id, listing_id, image_url, created_at) VALUES ('9b00b301-67a5-4acf-b396-24d266f16d6c', '209de1fb-17da-4c0e-a6ad-4204f97520e5', 'https://rental.bolatbekov.com/storage/rentals/car camry.jpg', '2026-05-27 22:56:37.342') ON CONFLICT DO NOTHING;
INSERT INTO "ListingImage" (id, listing_id, image_url, created_at) VALUES ('b9f3a498-5d45-4d75-9907-05fd1ba4e9e5', '3520df78-4d30-4930-96a7-91721673e4b2', 'https://rental.bolatbekov.com/storage/rentals/cat.jpg', '2026-05-27 22:56:37.342') ON CONFLICT DO NOTHING;
INSERT INTO "ListingImage" (id, listing_id, image_url, created_at) VALUES ('34edab23-cf05-4f1b-98da-07632fd5a7e2', 'e690cd4e-6634-4efe-a6d2-76ee20e36f97', 'https://rental.bolatbekov.com/storage/rentals/chair.jpg', '2026-05-27 22:56:37.342') ON CONFLICT DO NOTHING;
INSERT INTO "ListingImage" (id, listing_id, image_url, created_at) VALUES ('61f7b129-263b-4ccf-9dd1-e49b5c9ba767', '6e709aea-6d17-4f7d-8923-1020726c1398', 'https://rental.bolatbekov.com/storage/rentals/chairblack.webp', '2026-05-27 22:56:37.342') ON CONFLICT DO NOTHING;
INSERT INTO "ListingImage" (id, listing_id, image_url, created_at) VALUES ('cf6d3ea0-cba6-4d90-9a2f-92a5a8b73876', 'f9ae74d3-fe01-46d1-910d-d0f1990424b3', 'https://rental.bolatbekov.com/storage/rentals/cherry.jpeg', '2026-05-27 22:56:37.342') ON CONFLICT DO NOTHING;
INSERT INTO "ListingImage" (id, listing_id, image_url, created_at) VALUES ('162017ca-184b-4cbb-a259-7ea9c62eacd1', '72e3f9f2-dfbd-4c41-8f3a-4eecee5a5e1a', 'https://rental.bolatbekov.com/storage/rentals/cleaning-equip.jpeg', '2026-05-27 22:56:37.342') ON CONFLICT DO NOTHING;
INSERT INTO "ListingImage" (id, listing_id, image_url, created_at) VALUES ('049b4db7-acd2-42e2-98d4-cf7fecfedd9e', '8541b7e0-7905-4e67-92bb-5b9aa73cefb2', 'https://rental.bolatbekov.com/storage/rentals/cleaning-equip2.png', '2026-05-27 22:56:37.342') ON CONFLICT DO NOTHING;
INSERT INTO "ListingImage" (id, listing_id, image_url, created_at) VALUES ('0779b218-7315-4bd8-bd7f-84649d6bb400', '04d1d93c-18a1-4346-b5c6-edb403c3872d', 'https://rental.bolatbekov.com/storage/rentals/cleaning-equip3.jpeg', '2026-05-27 22:56:37.342') ON CONFLICT DO NOTHING;
INSERT INTO "ListingImage" (id, listing_id, image_url, created_at) VALUES ('ef00f6c6-6656-4146-9f1c-086846510756', '9fb4de87-791a-40fc-98c9-0271f63df546', 'https://rental.bolatbekov.com/storage/rentals/clothes.webp', '2026-05-27 22:56:37.342') ON CONFLICT DO NOTHING;
INSERT INTO "ListingImage" (id, listing_id, image_url, created_at) VALUES ('a06c7cce-582e-48df-b6c0-121d7f0e7b56', 'bd15c94e-5823-4d18-87c8-f1d714502c36', 'https://rental.bolatbekov.com/storage/rentals/computer.webp', '2026-05-27 22:56:37.342') ON CONFLICT DO NOTHING;
INSERT INTO "ListingImage" (id, listing_id, image_url, created_at) VALUES ('8672c8cc-4afc-4629-8e30-9a8e03ff40c4', '5d20191d-6309-483c-9b71-5ede23a23e53', 'https://rental.bolatbekov.com/storage/rentals/cover.jpg', '2026-05-27 22:56:37.342') ON CONFLICT DO NOTHING;
INSERT INTO "ListingImage" (id, listing_id, image_url, created_at) VALUES ('9bc5e365-30c7-4b77-aed6-d2263adff1f3', 'e2fddb2f-ab50-4091-9023-853a2913e812', 'https://rental.bolatbekov.com/storage/rentals/dress.webp', '2026-05-27 22:56:37.342') ON CONFLICT DO NOTHING;
INSERT INTO "ListingImage" (id, listing_id, image_url, created_at) VALUES ('5b2aaa5f-61e8-4db5-9d8e-26010b49e839', 'f12648fb-57b8-4803-9a58-f40259a86bb0', 'https://rental.bolatbekov.com/storage/rentals/dress2.jpg', '2026-05-27 22:56:37.342') ON CONFLICT DO NOTHING;
INSERT INTO "ListingImage" (id, listing_id, image_url, created_at) VALUES ('08fe388c-3173-4dcc-95f5-1f1cb23dcc5d', '611ab5ab-d3ea-4533-a81f-6a2fb39f9a54', 'https://rental.bolatbekov.com/storage/rentals/dress3.webp', '2026-05-27 22:56:37.342') ON CONFLICT DO NOTHING;
INSERT INTO "ListingImage" (id, listing_id, image_url, created_at) VALUES ('36101ff8-c46f-42c7-82b5-a0cd23d4ec6f', 'cd3b25a1-820c-40aa-b0b3-5985a17f843a', 'https://rental.bolatbekov.com/storage/rentals/drill.webp', '2026-05-27 22:56:37.342') ON CONFLICT DO NOTHING;
INSERT INTO "ListingImage" (id, listing_id, image_url, created_at) VALUES ('c74a1589-6fc3-41bd-9ed9-490aafbda5ca', '13b2202b-ded7-46da-ba87-bc9924c0730a', 'https://rental.bolatbekov.com/storage/rentals/drill2.jpg', '2026-05-27 22:56:37.342') ON CONFLICT DO NOTHING;
INSERT INTO "ListingImage" (id, listing_id, image_url, created_at) VALUES ('d2bd106c-78b6-4e7f-aab6-e7e7c3e4937a', '3e4ebbdb-3ea6-4aaf-b51f-8ec7dae46925', 'https://rental.bolatbekov.com/storage/rentals/drill3.jpeg', '2026-05-27 22:56:37.342') ON CONFLICT DO NOTHING;
INSERT INTO "ListingImage" (id, listing_id, image_url, created_at) VALUES ('387efb6a-257a-4649-8f7b-e003c8b8723b', '304a4004-952e-47ee-9ccd-337474c6b21e', 'https://rental.bolatbekov.com/storage/rentals/drone.webp', '2026-05-27 22:56:37.342') ON CONFLICT DO NOTHING;
INSERT INTO "ListingImage" (id, listing_id, image_url, created_at) VALUES ('8871390b-8e09-4d02-bbff-5ad910f8c77f', '63b5e87b-5416-4d92-8b19-df4b91b148c0', 'https://rental.bolatbekov.com/storage/rentals/drone2.jpg', '2026-05-27 22:56:37.342') ON CONFLICT DO NOTHING;
INSERT INTO "ListingImage" (id, listing_id, image_url, created_at) VALUES ('0f674220-eedd-4a2c-9865-67f85638629d', '79b8a335-453c-40e6-8e0d-73e22304c131', 'https://rental.bolatbekov.com/storage/rentals/drone3.webp', '2026-05-27 22:56:37.342') ON CONFLICT DO NOTHING;
INSERT INTO "ListingImage" (id, listing_id, image_url, created_at) VALUES ('28d934c3-d4c1-4ed2-9c50-653777f25c0d', '1555329c-ccea-4a28-b476-d14cc303354a', 'https://rental.bolatbekov.com/storage/rentals/football ball.webp', '2026-05-27 22:56:37.342') ON CONFLICT DO NOTHING;
INSERT INTO "ListingImage" (id, listing_id, image_url, created_at) VALUES ('ef36189b-d35a-4d1e-a7ab-34dc9a93d9ad', 'fcb7b04d-7f63-413f-aab5-0984240def28', 'https://rental.bolatbekov.com/storage/rentals/football ball2.webp', '2026-05-27 22:56:37.342') ON CONFLICT DO NOTHING;
INSERT INTO "ListingImage" (id, listing_id, image_url, created_at) VALUES ('5d42fddf-dfed-47d4-8ac1-3fb0ae0fabfe', '4b5e289e-aa73-4641-89dc-8995a7789a49', 'https://rental.bolatbekov.com/storage/rentals/football ball3.jpg', '2026-05-27 22:56:37.342') ON CONFLICT DO NOTHING;
INSERT INTO "ListingImage" (id, listing_id, image_url, created_at) VALUES ('f91d6e33-bbde-4e76-a875-f6dcc938449f', '01c8a477-79e4-4d14-89d9-2e5c34cc3f47', 'https://rental.bolatbekov.com/storage/rentals/freezer.webp', '2026-05-27 22:56:37.342') ON CONFLICT DO NOTHING;
INSERT INTO "ListingImage" (id, listing_id, image_url, created_at) VALUES ('c94a0b75-25c4-49d1-9634-2b0ecb0b312b', '403af195-62a0-433d-a8d2-5ed90a426f5e', 'https://rental.bolatbekov.com/storage/rentals/freezer2.webp', '2026-05-27 22:56:37.342') ON CONFLICT DO NOTHING;
INSERT INTO "ListingImage" (id, listing_id, image_url, created_at) VALUES ('0e2a0e61-7bfb-4a3a-8d15-d50ec375c2f5', '34701120-0e1f-486d-803d-0188d51f1794', 'https://rental.bolatbekov.com/storage/rentals/fridge.jpg', '2026-05-27 22:56:37.342') ON CONFLICT DO NOTHING;
INSERT INTO "ListingImage" (id, listing_id, image_url, created_at) VALUES ('15f292d9-afb5-489c-8ab1-84a2d81ea474', '946d1e0b-bcfc-481b-8e15-835fafc5d7cf', 'https://rental.bolatbekov.com/storage/rentals/fridge87litre.webp', '2026-05-27 22:56:37.342') ON CONFLICT DO NOTHING;
INSERT INTO "ListingImage" (id, listing_id, image_url, created_at) VALUES ('c0bb3003-5122-405d-abef-427f48441427', '6b8a6115-3743-4352-833d-3f4f35f58984', 'https://rental.bolatbekov.com/storage/rentals/hammer.png', '2026-05-27 22:56:37.342') ON CONFLICT DO NOTHING;
INSERT INTO "ListingImage" (id, listing_id, image_url, created_at) VALUES ('27e42b58-ad12-420c-bfac-16a8ae59dc7c', 'd8020780-9ecb-4372-b9ab-ba4a2711aacd', 'https://rental.bolatbekov.com/storage/rentals/hammer2.jpeg', '2026-05-27 22:56:37.342') ON CONFLICT DO NOTHING;
INSERT INTO "ListingImage" (id, listing_id, image_url, created_at) VALUES ('2bb7f1dd-4741-4130-b82a-19757cb3ce3f', '3d0e885c-731c-454b-bf62-4fe195d8cfd0', 'https://rental.bolatbekov.com/storage/rentals/hammer3.webp', '2026-05-27 22:56:37.342') ON CONFLICT DO NOTHING;
INSERT INTO "ListingImage" (id, listing_id, image_url, created_at) VALUES ('9a5c4b62-43ec-4e7e-a5c1-3ee40e90e227', '8aff4ccd-72ff-4024-bcf6-e90a9e17d579', 'https://rental.bolatbekov.com/storage/rentals/hammer4.jpg', '2026-05-27 22:56:37.342') ON CONFLICT DO NOTHING;
INSERT INTO "ListingImage" (id, listing_id, image_url, created_at) VALUES ('f0e51afb-90aa-4f55-ac6b-8cc4d673b16a', '27226dc3-395e-401f-ac7b-e903bd60c273', 'https://rental.bolatbekov.com/storage/rentals/hammer5.avif', '2026-05-27 22:56:37.342') ON CONFLICT DO NOTHING;
INSERT INTO "ListingImage" (id, listing_id, image_url, created_at) VALUES ('b6d5c7dd-b138-4614-8243-1ed49543dacb', '38ebe8af-d3cb-40ad-b34c-9504eeb51f03', 'https://rental.bolatbekov.com/storage/rentals/hardhat.jpeg', '2026-05-27 22:56:37.342') ON CONFLICT DO NOTHING;
INSERT INTO "ListingImage" (id, listing_id, image_url, created_at) VALUES ('deacee45-5229-4f33-b643-06e47788958a', '88312906-a95d-441d-85b4-51f3bcb0853a', 'https://rental.bolatbekov.com/storage/rentals/hardhat2.webp', '2026-05-27 22:56:37.342') ON CONFLICT DO NOTHING;
INSERT INTO "ListingImage" (id, listing_id, image_url, created_at) VALUES ('c9d07e36-692b-4c84-851c-7017c33586d6', '47f1164a-1398-41ef-a8f9-f96461910f84', 'https://rental.bolatbekov.com/storage/rentals/hardhat3.jpg', '2026-05-27 22:56:37.342') ON CONFLICT DO NOTHING;
INSERT INTO "ListingImage" (id, listing_id, image_url, created_at) VALUES ('1dc96823-ffd6-4c06-9386-1ed36424a9fc', '4a31d6da-57a9-4958-9ed0-ba5c3f0e6446', 'https://rental.bolatbekov.com/storage/rentals/hat 1.webp', '2026-05-27 22:56:37.342') ON CONFLICT DO NOTHING;
INSERT INTO "ListingImage" (id, listing_id, image_url, created_at) VALUES ('2a15106c-f8ee-415f-8d45-3c434a1f26cc', 'ae3ffbe4-7b73-4c33-9804-3f719c1b4ff1', 'https://rental.bolatbekov.com/storage/rentals/hat 2.jpg', '2026-05-27 22:56:37.342') ON CONFLICT DO NOTHING;
INSERT INTO "ListingImage" (id, listing_id, image_url, created_at) VALUES ('ef64718a-ab2d-44d3-9fbb-f63bc2461c79', '6d759b28-4d2f-405a-97b5-5e378115146a', 'https://rental.bolatbekov.com/storage/rentals/iphone13.jpg', '2026-05-27 22:56:37.342') ON CONFLICT DO NOTHING;
INSERT INTO "ListingImage" (id, listing_id, image_url, created_at) VALUES ('0545f6d5-6c2b-425d-a4c7-3f3bbc726ca0', '20a5b606-cf34-4d93-901a-380ae79150a1', 'https://rental.bolatbekov.com/storage/rentals/iphone17promaxblue.jpeg', '2026-05-27 22:56:37.342') ON CONFLICT DO NOTHING;
INSERT INTO "ListingImage" (id, listing_id, image_url, created_at) VALUES ('55d2358c-e82c-4423-a957-e9189df29a51', '6b7ec02c-01e9-4c16-a806-398b1b87e2b9', 'https://rental.bolatbekov.com/storage/rentals/kolyaska.jpg', '2026-05-27 22:56:37.342') ON CONFLICT DO NOTHING;
INSERT INTO "ListingImage" (id, listing_id, image_url, created_at) VALUES ('616bb25d-6f08-4b4f-9078-9d357f613905', '2dcce770-d3f1-465e-97f6-8366405cdbb5', 'https://rental.bolatbekov.com/storage/rentals/kolyaska2.webp', '2026-05-27 22:56:37.342') ON CONFLICT DO NOTHING;
INSERT INTO "ListingImage" (id, listing_id, image_url, created_at) VALUES ('03ac8c59-5812-4b32-8ca8-21d2bad60451', '48b3a0ef-1e3f-459a-858f-57ffe5a89a0c', 'https://rental.bolatbekov.com/storage/rentals/kolyaska4.jpg', '2026-05-27 22:56:37.342') ON CONFLICT DO NOTHING;
INSERT INTO "ListingImage" (id, listing_id, image_url, created_at) VALUES ('9fe22f5a-e97e-416e-b33c-6c2b4f05c009', 'c32ea62e-e6c8-42a7-bf49-02a62272960a', 'https://rental.bolatbekov.com/storage/rentals/laptop.avif', '2026-05-27 22:56:37.342') ON CONFLICT DO NOTHING;
INSERT INTO "ListingImage" (id, listing_id, image_url, created_at) VALUES ('4458aa4f-0010-49eb-83d3-ff1d27b21589', '5e643a0a-153b-4b86-971d-0f186ee7ea61', 'https://rental.bolatbekov.com/storage/rentals/laptop.webp', '2026-05-27 22:56:37.342') ON CONFLICT DO NOTHING;
INSERT INTO "ListingImage" (id, listing_id, image_url, created_at) VALUES ('e332fd5d-adbf-41d8-9d27-9fd82aff31f4', 'dddeac8e-18a9-4e83-b8d4-fbba82241126', 'https://rental.bolatbekov.com/storage/rentals/motorcycle.jpg', '2026-05-27 22:56:37.342') ON CONFLICT DO NOTHING;
INSERT INTO "ListingImage" (id, listing_id, image_url, created_at) VALUES ('4bc2f80a-e8f1-4d61-8d96-48d99511d574', 'd55f771d-56c0-4144-9f5b-5f1a2c11c77f', 'https://rental.bolatbekov.com/storage/rentals/motorcycle2.jpg', '2026-05-27 22:56:37.342') ON CONFLICT DO NOTHING;
INSERT INTO "ListingImage" (id, listing_id, image_url, created_at) VALUES ('e276af2c-5e12-47da-80de-8885097c3f17', 'c0dcc594-b04b-4b48-a791-344732b67a23', 'https://rental.bolatbekov.com/storage/rentals/motorcycle3.avif', '2026-05-27 22:56:37.342') ON CONFLICT DO NOTHING;
INSERT INTO "ListingImage" (id, listing_id, image_url, created_at) VALUES ('bb03d82f-8f16-4c30-91db-63ab621fccb8', '7f86a514-0838-44f5-b831-ce672685e9ca', 'https://rental.bolatbekov.com/storage/rentals/pants.webp', '2026-05-27 22:56:37.342') ON CONFLICT DO NOTHING;
INSERT INTO "ListingImage" (id, listing_id, image_url, created_at) VALUES ('97b5dab9-12bb-483d-a833-06f5d3281591', 'aa8b9e02-fe28-4d12-9090-35fa19796597', 'https://rental.bolatbekov.com/storage/rentals/pants2.webp', '2026-05-27 22:56:37.342') ON CONFLICT DO NOTHING;
INSERT INTO "ListingImage" (id, listing_id, image_url, created_at) VALUES ('a9e83b42-ed5c-4fd9-832e-080673e9a963', 'e1d28286-58f9-4946-b563-2aefcfea3807', 'https://rental.bolatbekov.com/storage/rentals/pants3.webp', '2026-05-27 22:56:37.342') ON CONFLICT DO NOTHING;
INSERT INTO "ListingImage" (id, listing_id, image_url, created_at) VALUES ('9159263e-0c7b-405d-944e-14c7aaab8c47', 'fdea0805-b673-4c46-8ac1-42fec7d714f2', 'https://rental.bolatbekov.com/storage/rentals/pants4.webp', '2026-05-27 22:56:37.342') ON CONFLICT DO NOTHING;
INSERT INTO "ListingImage" (id, listing_id, image_url, created_at) VALUES ('3252520a-605e-4864-8910-ae3eb21254c9', '5597e0d0-9be5-465e-8594-5caa0b8fbfdb', 'https://rental.bolatbekov.com/storage/rentals/pc.jpg', '2026-05-27 22:56:37.342') ON CONFLICT DO NOTHING;
INSERT INTO "ListingImage" (id, listing_id, image_url, created_at) VALUES ('7b6011f3-b6c0-441c-9868-5199d6a88f52', '7656c5b8-cfe7-4bc0-a7cd-45d70c1ff71f', 'https://rental.bolatbekov.com/storage/rentals/pc2.jpg', '2026-05-27 22:56:37.342') ON CONFLICT DO NOTHING;
INSERT INTO "ListingImage" (id, listing_id, image_url, created_at) VALUES ('9aa2c4ca-0074-4fec-9a99-4a313103292c', 'c487ba47-f4ac-48c4-9075-8af3a21d38d9', 'https://rental.bolatbekov.com/storage/rentals/pc3.webp', '2026-05-27 22:56:37.342') ON CONFLICT DO NOTHING;
INSERT INTO "ListingImage" (id, listing_id, image_url, created_at) VALUES ('142efb62-5a07-4861-897a-354ce61fe29f', '8736ba2f-0d48-4d41-9f61-93ae878ede92', 'https://rental.bolatbekov.com/storage/rentals/pc4.jpg', '2026-05-27 22:56:37.342') ON CONFLICT DO NOTHING;
INSERT INTO "ListingImage" (id, listing_id, image_url, created_at) VALUES ('1cd735b9-d54f-4ea1-a6bb-5184d706f976', 'd49b5cc9-4c14-4bee-a12f-a898d37a6afe', 'https://rental.bolatbekov.com/storage/rentals/pc5.webp', '2026-05-27 22:56:37.342') ON CONFLICT DO NOTHING;
INSERT INTO "ListingImage" (id, listing_id, image_url, created_at) VALUES ('475e92cc-3ba3-42c2-ac51-3ca64b0e7b3e', 'f147f7d7-5549-4234-b640-285422154e80', 'https://rental.bolatbekov.com/storage/rentals/playstation5.png', '2026-05-27 22:56:37.342') ON CONFLICT DO NOTHING;
INSERT INTO "ListingImage" (id, listing_id, image_url, created_at) VALUES ('5c4fd296-d925-41bd-ac70-e11b9b7ee21f', '3ab41dbd-f1cc-418a-9557-ac45c1d36639', 'https://rental.bolatbekov.com/storage/rentals/pliers.jpg', '2026-05-27 22:56:37.342') ON CONFLICT DO NOTHING;
INSERT INTO "ListingImage" (id, listing_id, image_url, created_at) VALUES ('d88457ed-c191-461b-ac80-4a78cefa8bf2', 'a1fd32d1-acaa-4723-958b-4b5947401dc3', 'https://rental.bolatbekov.com/storage/rentals/pliers2.jpg', '2026-05-27 22:56:37.342') ON CONFLICT DO NOTHING;
INSERT INTO "ListingImage" (id, listing_id, image_url, created_at) VALUES ('15eb2fc5-1884-4fe2-a01d-3de9a4ed0d13', 'c976ca68-ac2a-4269-a3fd-b49861ea48a8', 'https://rental.bolatbekov.com/storage/rentals/pliers3.webp', '2026-05-27 22:56:37.342') ON CONFLICT DO NOTHING;
INSERT INTO "ListingImage" (id, listing_id, image_url, created_at) VALUES ('89349f04-0df5-489f-aa6b-df89c176510f', 'e25875b5-e2e9-461e-a670-7af944edeba7', 'https://rental.bolatbekov.com/storage/rentals/pliers4.webp', '2026-05-27 22:56:37.342') ON CONFLICT DO NOTHING;
INSERT INTO "ListingImage" (id, listing_id, image_url, created_at) VALUES ('21a9eea9-bf7b-4db7-8434-67744a302fed', 'c3a4e443-2ec2-452f-9973-c0390d29a9fa', 'https://rental.bolatbekov.com/storage/rentals/projector2.jpg', '2026-05-27 22:56:37.342') ON CONFLICT DO NOTHING;
INSERT INTO "ListingImage" (id, listing_id, image_url, created_at) VALUES ('f2f9dd0c-dd5c-4683-8f38-e1cf024e79e8', '897df991-229b-45c6-ab92-7d428359cd7a', 'https://rental.bolatbekov.com/storage/rentals/projector3.webp', '2026-05-27 22:56:37.342') ON CONFLICT DO NOTHING;
INSERT INTO "ListingImage" (id, listing_id, image_url, created_at) VALUES ('708a7086-8a67-4997-92b1-8e694d801920', '63cc6617-8728-47fb-9464-44b03957044b', 'https://rental.bolatbekov.com/storage/rentals/projectors.jpg', '2026-05-27 22:56:37.342') ON CONFLICT DO NOTHING;
INSERT INTO "ListingImage" (id, listing_id, image_url, created_at) VALUES ('95d30b23-dab8-4fb6-bd75-985c174c0430', '7750c8d1-f39c-429c-b04a-e8d3d7d96685', 'https://rental.bolatbekov.com/storage/rentals/Open-ended wrench.webp', '2026-05-27 22:56:37.342') ON CONFLICT DO NOTHING;
INSERT INTO "ListingImage" (id, listing_id, image_url, created_at) VALUES ('9992dd00-8d60-4719-88fd-d4824b3a56b3', '9959bd82-3152-4a86-818e-1636684bc934', 'https://rental.bolatbekov.com/storage/rentals/Open-ended wrench2.webp', '2026-05-27 22:56:37.342') ON CONFLICT DO NOTHING;
INSERT INTO "ListingImage" (id, listing_id, image_url, created_at) VALUES ('252c0f33-f706-4cfb-b147-b8ded3ee2622', '99e43d52-5115-4671-b47e-e8a54eaf6f52', 'https://rental.bolatbekov.com/storage/rentals/american football ball.webp', '2026-05-27 22:56:37.342') ON CONFLICT DO NOTHING;
INSERT INTO "ListingImage" (id, listing_id, image_url, created_at) VALUES ('63c71b24-a2e0-4be3-acb0-32d5225f9b93', '8a35c338-789a-4d0b-84fd-27ac500b4076', 'https://rental.bolatbekov.com/storage/rentals/audio1.jpg', '2026-05-27 22:56:37.342') ON CONFLICT DO NOTHING;
INSERT INTO "ListingImage" (id, listing_id, image_url, created_at) VALUES ('77179c34-dcd1-4933-940a-a40458e64087', '1ea71ab1-014b-4702-a1ea-a01eb134e9f3', 'https://rental.bolatbekov.com/storage/rentals/audio2.webp', '2026-05-27 22:56:37.342') ON CONFLICT DO NOTHING;
INSERT INTO "ListingImage" (id, listing_id, image_url, created_at) VALUES ('b5a08c13-7681-4cd4-b95b-bcc96b4a75a6', '8534011b-09bd-4e39-a254-62d069cf0a52', 'https://rental.bolatbekov.com/storage/rentals/audio3.jpg', '2026-05-27 22:56:37.342') ON CONFLICT DO NOTHING;
INSERT INTO "ListingImage" (id, listing_id, image_url, created_at) VALUES ('41defb0e-e004-4600-8244-afef4c2277d6', '1a74bccf-bf34-434a-9cf5-b5f0e6c61af3', 'https://rental.bolatbekov.com/storage/rentals/baby-seat.webp', '2026-05-27 22:56:37.342') ON CONFLICT DO NOTHING;
INSERT INTO "ListingImage" (id, listing_id, image_url, created_at) VALUES ('41cd9170-2d23-493c-899f-55eb4a12be63', '182bc841-42a0-4c9f-b4ea-ba4e4f49964e', 'https://rental.bolatbekov.com/storage/rentals/baby-seat2.webp', '2026-05-27 22:56:37.342') ON CONFLICT DO NOTHING;
INSERT INTO "ListingImage" (id, listing_id, image_url, created_at) VALUES ('3e07f3d8-c184-41b5-8a6b-67f5a275c0c8', '4d9e8d38-04db-4a4e-9604-6dec0468991f', 'https://rental.bolatbekov.com/storage/rentals/baby-seat3.avif', '2026-05-27 22:56:37.342') ON CONFLICT DO NOTHING;
INSERT INTO "ListingImage" (id, listing_id, image_url, created_at) VALUES ('bd0b36a5-b5b2-4e25-bc0c-cf9d9e9daba3', 'bdff46f7-1c26-4f92-bcb5-9ad329a02693', 'https://rental.bolatbekov.com/storage/rentals/bag.jpg', '2026-05-27 22:56:37.342') ON CONFLICT DO NOTHING;
INSERT INTO "ListingImage" (id, listing_id, image_url, created_at) VALUES ('e18081a9-4b1f-4236-80dc-0f0925ab7b1d', '7d16b5b0-6252-417c-a7fa-45f85698d6ed', 'https://rental.bolatbekov.com/storage/rentals/bag.webp', '2026-05-27 22:56:37.342') ON CONFLICT DO NOTHING;
INSERT INTO "ListingImage" (id, listing_id, image_url, created_at) VALUES ('cf037daf-be98-4a12-a025-24efa8ef6e36', 'a7e1a5d4-d6c9-4f0a-90c0-82da8eb53d0d', 'https://rental.bolatbekov.com/storage/rentals/bag3.webp', '2026-05-27 22:56:37.342') ON CONFLICT DO NOTHING;
INSERT INTO "ListingImage" (id, listing_id, image_url, created_at) VALUES ('e70834f6-9057-4a75-9ed4-5e269273c6a2', 'c727c595-b704-4fd8-852b-62ae90853401', 'https://rental.bolatbekov.com/storage/rentals/bag5.webp', '2026-05-27 22:56:37.342') ON CONFLICT DO NOTHING;
INSERT INTO "ListingImage" (id, listing_id, image_url, created_at) VALUES ('bf29fc2b-cf15-472a-9f30-83fdca809fac', '31d6d069-3d95-48c2-872f-a24e1c517763', 'https://rental.bolatbekov.com/storage/rentals/bike.jpeg', '2026-05-27 22:56:37.342') ON CONFLICT DO NOTHING;
INSERT INTO "ListingImage" (id, listing_id, image_url, created_at) VALUES ('75f62ea9-14c4-417b-a8df-d59b1ab7b55d', '8e77f0b8-628a-4a30-b60c-28c9cb32c14d', 'https://rental.bolatbekov.com/storage/rentals/boat.webp', '2026-05-27 22:56:37.342') ON CONFLICT DO NOTHING;
INSERT INTO "ListingImage" (id, listing_id, image_url, created_at) VALUES ('9ed7a831-b035-41cc-bca4-9f7501a0c71b', 'c003b5bf-7c2f-4c87-85e1-6dba9cd2b6e3', 'https://rental.bolatbekov.com/storage/rentals/boat2.webp', '2026-05-27 22:56:37.342') ON CONFLICT DO NOTHING;
INSERT INTO "ListingImage" (id, listing_id, image_url, created_at) VALUES ('033008eb-fb86-4d3b-ab70-f57fcd4abf42', '40c8ed70-fc4c-4837-87ce-48b374144ee2', 'https://rental.bolatbekov.com/storage/rentals/boat3.jpg', '2026-05-27 22:56:37.342') ON CONFLICT DO NOTHING;
INSERT INTO "ListingImage" (id, listing_id, image_url, created_at) VALUES ('f95a19ec-7357-4ac0-8b48-30733fdb1838', 'd8a54259-a17d-4425-bd27-b34db5b090d4', 'https://rental.bolatbekov.com/storage/rentals/boots.webp', '2026-05-27 22:56:37.342') ON CONFLICT DO NOTHING;
INSERT INTO "ListingImage" (id, listing_id, image_url, created_at) VALUES ('2f2845c9-a8e1-4794-b8c7-2eb7c08c7b39', '5c77d268-2bd6-4032-9f62-093947941a5a', 'https://rental.bolatbekov.com/storage/rentals/rabbit.jpg', '2026-05-27 22:56:37.342') ON CONFLICT DO NOTHING;
INSERT INTO "ListingImage" (id, listing_id, image_url, created_at) VALUES ('461a9422-876f-41e2-a6bc-9320c0d16316', '48a2d0ae-4d20-4336-b92f-44f58ecd3e9c', 'https://rental.bolatbekov.com/storage/rentals/wedding dress3.jpg', '2026-05-27 22:56:37.342') ON CONFLICT DO NOTHING;
INSERT INTO "ListingImage" (id, listing_id, image_url, created_at) VALUES ('ea4cd568-4c81-438d-92f9-e9cceb16362c', 'e8b8a3c0-2ed7-43e3-8109-da02a60a5862', 'https://rental.bolatbekov.com/storage/rentals/rod.jpg', '2026-05-27 22:56:37.342') ON CONFLICT DO NOTHING;
INSERT INTO "ListingImage" (id, listing_id, image_url, created_at) VALUES ('1136b786-ec71-4273-b24b-25d2a98faa2a', '3bffae45-b5ab-4f9f-a5cc-acb84c4ba400', 'https://rental.bolatbekov.com/storage/rentals/rod2.webp', '2026-05-27 22:56:37.342') ON CONFLICT DO NOTHING;
INSERT INTO "ListingImage" (id, listing_id, image_url, created_at) VALUES ('fafd6bb8-1714-4e27-b6cf-094087beb779', '9cfb1bf4-9af1-4abf-b98d-5c26d8138936', 'https://rental.bolatbekov.com/storage/rentals/rod3.jpg', '2026-05-27 22:56:37.342') ON CONFLICT DO NOTHING;
INSERT INTO "ListingImage" (id, listing_id, image_url, created_at) VALUES ('bf1aedb2-cf4f-411e-ad48-ab4a7b713126', 'bb0d9a54-0dc5-4501-a81a-9c7f5e331588', 'https://rental.bolatbekov.com/storage/rentals/rod4.jpg', '2026-05-27 22:56:37.342') ON CONFLICT DO NOTHING;
INSERT INTO "ListingImage" (id, listing_id, image_url, created_at) VALUES ('05c4008f-6adf-4e10-926e-6554dee4fe16', 'e789c2f4-8a96-4abe-b63e-1eb92876fca4', 'https://rental.bolatbekov.com/storage/rentals/samsung.png', '2026-05-27 22:56:37.342') ON CONFLICT DO NOTHING;
INSERT INTO "ListingImage" (id, listing_id, image_url, created_at) VALUES ('2d9488ec-cde9-424a-8c43-46af754ec3f7', '236d65af-987e-4536-a12e-efee4254a662', 'https://rental.bolatbekov.com/storage/rentals/samsung2.webp', '2026-05-27 22:56:37.342') ON CONFLICT DO NOTHING;
INSERT INTO "ListingImage" (id, listing_id, image_url, created_at) VALUES ('52fc3f06-aba4-475b-ad5f-6a1b53db7b92', 'ee206592-d72e-41f4-82ff-eb5bdbc5eff4', 'https://rental.bolatbekov.com/storage/rentals/saw.jpg', '2026-05-27 22:56:37.342') ON CONFLICT DO NOTHING;
INSERT INTO "ListingImage" (id, listing_id, image_url, created_at) VALUES ('9fe7c4a5-ee91-4880-81bc-6b0389016b61', '78a0b18c-8cb0-4c3c-9806-4e1166b009b0', 'https://rental.bolatbekov.com/storage/rentals/saw1.jpg', '2026-05-27 22:56:37.342') ON CONFLICT DO NOTHING;
INSERT INTO "ListingImage" (id, listing_id, image_url, created_at) VALUES ('c84cd16d-e93e-42d1-8be4-61800883e6a8', '8d5a83c8-abb2-4055-a4ef-4932486c2fbd', 'https://rental.bolatbekov.com/storage/rentals/saw3.jpg', '2026-05-27 22:56:37.342') ON CONFLICT DO NOTHING;
INSERT INTO "ListingImage" (id, listing_id, image_url, created_at) VALUES ('99fecec6-6768-4cc4-b10d-5426e17005c1', 'e08bb88f-c9d8-4c0f-b1bc-078bd6277973', 'https://rental.bolatbekov.com/storage/rentals/saw4.jpeg', '2026-05-27 22:56:37.342') ON CONFLICT DO NOTHING;
INSERT INTO "ListingImage" (id, listing_id, image_url, created_at) VALUES ('76ea1137-0dc6-45f3-a2a0-41e9f59b8eb1', 'e9a7e1c8-9c20-4ce0-9aba-87aadcf4e3d2', 'https://rental.bolatbekov.com/storage/rentals/scooter.jpeg', '2026-05-27 22:56:37.342') ON CONFLICT DO NOTHING;
INSERT INTO "ListingImage" (id, listing_id, image_url, created_at) VALUES ('70530c62-ca59-471d-9fb5-0e23bf963574', 'f265acb5-dee3-4dc8-bbde-0806ad728ce1', 'https://rental.bolatbekov.com/storage/rentals/scooter2.webp', '2026-05-27 22:56:37.342') ON CONFLICT DO NOTHING;
INSERT INTO "ListingImage" (id, listing_id, image_url, created_at) VALUES ('034a8e78-2091-4d6d-b994-496e591d669c', '57fc1fe3-26c0-4f37-9262-69e38219cb80', 'https://rental.bolatbekov.com/storage/rentals/scooter3.png', '2026-05-27 22:56:37.342') ON CONFLICT DO NOTHING;
INSERT INTO "ListingImage" (id, listing_id, image_url, created_at) VALUES ('787d4858-b913-49b4-a9ed-e764f901e3e0', 'ea3c889f-01b5-4e4b-b234-ce7150177568', 'https://rental.bolatbekov.com/storage/rentals/screwdriver.jpg', '2026-05-27 22:56:37.342') ON CONFLICT DO NOTHING;
INSERT INTO "ListingImage" (id, listing_id, image_url, created_at) VALUES ('bf630c2e-60d4-4093-8980-e7e616aab081', '83a44509-7c96-4ceb-b05f-408ad34e5d72', 'https://rental.bolatbekov.com/storage/rentals/screwdriver2.jpg', '2026-05-27 22:56:37.342') ON CONFLICT DO NOTHING;
INSERT INTO "ListingImage" (id, listing_id, image_url, created_at) VALUES ('4d0f5399-9946-4ed2-9fe8-c1535595fe51', '0fd68950-447f-47ec-aded-16fba6562573', 'https://rental.bolatbekov.com/storage/rentals/screwdriver3.webp', '2026-05-27 22:56:37.342') ON CONFLICT DO NOTHING;
INSERT INTO "ListingImage" (id, listing_id, image_url, created_at) VALUES ('198d0fbb-24fb-4449-b7b7-d06075610ccf', '39f50992-4a42-4cb4-b24b-c7ae1a97fe86', 'https://rental.bolatbekov.com/storage/rentals/screwdriver4.webp', '2026-05-27 22:56:37.342') ON CONFLICT DO NOTHING;
INSERT INTO "ListingImage" (id, listing_id, image_url, created_at) VALUES ('9c56d6fa-e714-40bf-92e2-8e2ebb75acc1', 'b8f2bd01-741b-4431-9b20-eb22877302d3', 'https://rental.bolatbekov.com/storage/rentals/sneakers 1.webp', '2026-05-27 22:56:37.342') ON CONFLICT DO NOTHING;
INSERT INTO "ListingImage" (id, listing_id, image_url, created_at) VALUES ('e59155d5-ebf4-46a9-a95d-dd0ad9e4c6d8', '9670a32f-21e9-4334-8077-f7690478560f', 'https://rental.bolatbekov.com/storage/rentals/sofa.jpg', '2026-05-27 22:56:37.342') ON CONFLICT DO NOTHING;
INSERT INTO "ListingImage" (id, listing_id, image_url, created_at) VALUES ('81e904b4-5059-4728-bb4c-57d4099fa645', '3e6194a7-1174-4c9d-90d9-e20bd20aa477', 'https://rental.bolatbekov.com/storage/rentals/sonata.jpg', '2026-05-27 22:56:37.342') ON CONFLICT DO NOTHING;
INSERT INTO "ListingImage" (id, listing_id, image_url, created_at) VALUES ('9b0d1a62-de9d-4242-bc8a-d14d6021032a', '7030f612-7a69-4aec-9fd1-fc25b8da6e73', 'https://rental.bolatbekov.com/storage/rentals/swim glasses.png', '2026-05-27 22:56:37.342') ON CONFLICT DO NOTHING;
INSERT INTO "ListingImage" (id, listing_id, image_url, created_at) VALUES ('6b11002e-0c55-418d-933c-5637755df413', '6ed49efb-9b72-43fd-aac1-622787cef4a8', 'https://rental.bolatbekov.com/storage/rentals/swim glasses2.webp', '2026-05-27 22:56:37.342') ON CONFLICT DO NOTHING;
INSERT INTO "ListingImage" (id, listing_id, image_url, created_at) VALUES ('8dd224b3-b08e-4bcc-8869-4dc38c0daee3', '205659af-47a8-4532-b7f8-692f303c0967', 'https://rental.bolatbekov.com/storage/rentals/swim glasses3.webp', '2026-05-27 22:56:37.342') ON CONFLICT DO NOTHING;
INSERT INTO "ListingImage" (id, listing_id, image_url, created_at) VALUES ('8302a788-8aaf-478a-b826-ff1e5e8cba53', '50818087-d4d9-4cbb-b6d0-e461a4175134', 'https://rental.bolatbekov.com/storage/rentals/t-shirt.webp', '2026-05-27 22:56:37.342') ON CONFLICT DO NOTHING;
INSERT INTO "ListingImage" (id, listing_id, image_url, created_at) VALUES ('99006392-a7df-448f-b83e-abcffdc6999d', '3de03dde-3193-437f-80e2-a28d29b110bb', 'https://rental.bolatbekov.com/storage/rentals/t-shirt2.jpg', '2026-05-27 22:56:37.342') ON CONFLICT DO NOTHING;
INSERT INTO "ListingImage" (id, listing_id, image_url, created_at) VALUES ('17459230-46be-448a-8381-c4fa3f9ff7a8', 'd876bc4c-d73d-43ed-b67d-928afedc6bf8', 'https://rental.bolatbekov.com/storage/rentals/t-shirt3.jpg', '2026-05-27 22:56:37.342') ON CONFLICT DO NOTHING;
INSERT INTO "ListingImage" (id, listing_id, image_url, created_at) VALUES ('1157198a-83c3-4b42-8583-2bedab20d4df', '5065bffd-cafb-4c9c-9c76-c8b9fb40ca09', 'https://rental.bolatbekov.com/storage/rentals/t-shirt4.avif', '2026-05-27 22:56:37.342') ON CONFLICT DO NOTHING;
INSERT INTO "ListingImage" (id, listing_id, image_url, created_at) VALUES ('06d73515-2ecd-4088-96e3-116eb22a0770', '58bbc156-f67d-41e5-b6d3-5f6bd416b9c3', 'https://rental.bolatbekov.com/storage/rentals/table.jpg', '2026-05-27 22:56:37.342') ON CONFLICT DO NOTHING;
INSERT INTO "ListingImage" (id, listing_id, image_url, created_at) VALUES ('ffe7bb06-04c5-46ee-bbe8-cf293101bdd1', 'f42fbda2-ee26-41b3-96ec-2176a594aa3a', 'https://rental.bolatbekov.com/storage/rentals/table2.jpg', '2026-05-27 22:56:37.342') ON CONFLICT DO NOTHING;
INSERT INTO "ListingImage" (id, listing_id, image_url, created_at) VALUES ('37eee2a9-10af-4492-8915-63133a14bfea', 'bf12c5d9-f400-4e4d-ad4d-47d155849113', 'https://rental.bolatbekov.com/storage/rentals/tv.webp', '2026-05-27 22:56:37.342') ON CONFLICT DO NOTHING;
INSERT INTO "ListingImage" (id, listing_id, image_url, created_at) VALUES ('3abd9319-3a81-43c3-9fb2-879663d9dfd6', '18911544-6d03-4b88-abd2-9a5f602d0f53', 'https://rental.bolatbekov.com/storage/rentals/tv2.webp', '2026-05-27 22:56:37.342') ON CONFLICT DO NOTHING;
INSERT INTO "ListingImage" (id, listing_id, image_url, created_at) VALUES ('46415fdd-3ce1-4a28-9df1-d13edf0f9cc5', '48b60a4d-fd36-4a05-8be4-67d9fcc754dd', 'https://rental.bolatbekov.com/storage/rentals/vaz.jpg', '2026-05-27 22:56:37.342') ON CONFLICT DO NOTHING;
INSERT INTO "ListingImage" (id, listing_id, image_url, created_at) VALUES ('ef0032be-2a6e-4cbd-a670-971c0edde1ac', 'c1b14fd3-8708-4bec-8caa-1843c67bfb25', 'https://rental.bolatbekov.com/storage/rentals/wedding dress.webp', '2026-05-27 22:56:37.342') ON CONFLICT DO NOTHING;
INSERT INTO "ListingImage" (id, listing_id, image_url, created_at) VALUES ('06772acc-e578-4173-abf9-66082569ecdb', 'ee4540fc-c355-459b-a464-9270d4c9f1f9', 'https://rental.bolatbekov.com/storage/rentals/wedding dress2.webp', '2026-05-27 22:56:37.342') ON CONFLICT DO NOTHING;
